,red_cube_start,blue_cube_start,yellow_cube_start,green_cube_start,Text Question,block_for_task,cat,other_blocks,red_cube_goal,blue_cube_goal,yellow_cube_goal,green_cube_goal,goal_dist,observation
0,"(0.3, 0.23, 0.02)","(-0.15, 0.1, 0.02)","(-0.15, 0.23, 0.02)","(-0.15, 0.5, 0.02)",Take the block that is coloured lemon and place it at [-0.3         0.23333333],2,0,,"(0.3, 0.23, 0.02)","(-0.15, 0.1, 0.02)","(-0.3, 0.23, 0.02)","(-0.15, 0.5, 0.02)",0.2,"*** Observation *** 
Here is the initial position of each block and the end effector: 
Red Cube: (0.3, 0.23)
Green Cube: (-0.15, 0.5)
Blue Cube: (-0.15, 0.1)
Yellow Cube: (-0.15, 0.23)
End Effector: (0, 0.25)
Note - the arm itself is at 0,0. Assume that the x-axis determines left and right and the y-axis top and bottom."
1,"(0.0, 0.23, 0.02)","(0.0, 0.5, 0.02)","(0.15, 0.1, 0.02)","(-0.3, 0.37, 0.02)",Take the block that is rightmost and place it between the blocks that are highest and coloured red,2,2,[1 0],"(0.0, 0.23, 0.02)","(0.0, 0.5, 0.02)","(0.3, 0.5, 0.02)","(-0.3, 0.37, 0.02)",0.27,"*** Observation *** 
Here is the initial position of each block and the end effector: 
Red Cube: (0.0, 0.23)
Green Cube: (-0.3, 0.37)
Blue Cube: (0.0, 0.5)
Yellow Cube: (0.15, 0.1)
End Effector: (0, 0.25)
Note - the arm itself is at 0,0. Assume that the x-axis determines left and right and the y-axis top and bottom."
2,"(0.15, 0.5, 0.02)","(-0.3, 0.5, 0.02)","(0.15, 0.1, 0.02)","(0.15, 0.37, 0.02)",Take the block that is leftmost and place it at [-0.15  0.5 ],1,0,,"(0.15, 0.5, 0.02)","(-0.15, 0.5, 0.02)","(0.15, 0.1, 0.02)","(0.15, 0.37, 0.02)",0.13,"*** Observation *** 
Here is the initial position of each block and the end effector: 
Red Cube: (0.15, 0.5)
Green Cube: (0.15, 0.37)
Blue Cube: (-0.3, 0.5)
Yellow Cube: (0.15, 0.1)
End Effector: (0, 0.25)
Note - the arm itself is at 0,0. Assume that the x-axis determines left and right and the y-axis top and bottom."
3,"(0.0, 0.23, 0.02)","(0.3, 0.23, 0.02)","(0.3, 0.37, 0.02)","(-0.15, 0.37, 0.02)",Take the block that is coloured blue and place it 1 horizontally and 3 vertically relative to the block that is coloured like the sun,1,1,2,"(0.0, 0.23, 0.02)","(1.3, 3.37, 0.02)","(0.3, 0.37, 0.02)","(-0.15, 0.37, 0.02)",0.21,"*** Observation *** 
Here is the initial position of each block and the end effector: 
Red Cube: (0.0, 0.23)
Green Cube: (-0.15, 0.37)
Blue Cube: (0.3, 0.23)
Yellow Cube: (0.3, 0.37)
End Effector: (0, 0.25)
Note - the arm itself is at 0,0. Assume that the x-axis determines left and right and the y-axis top and bottom."
4,"(-0.15, 0.1, 0.02)","(0.3, 0.37, 0.02)","(0.0, 0.1, 0.02)","(0.0, 0.37, 0.02)","Take the block that is (0.0, 0.2666666666666667) from the yellow block and place it at [-0.3  0.5]",3,0,,"(-0.15, 0.1, 0.02)","(0.3, 0.37, 0.02)","(0.0, 0.1, 0.02)","(-0.3, 0.5, 0.02)",0.15,"*** Observation *** 
Here is the initial position of each block and the end effector: 
Red Cube: (-0.15, 0.1)
Green Cube: (0.0, 0.37)
Blue Cube: (0.3, 0.37)
Yellow Cube: (0.0, 0.1)
End Effector: (0, 0.25)
Note - the arm itself is at 0,0. Assume that the x-axis determines left and right and the y-axis top and bottom."
5,"(0.0, 0.23, 0.02)","(-0.3, 0.23, 0.02)","(-0.15, 0.5, 0.02)","(-0.15, 0.37, 0.02)",Take the block that is coloured like a fireball and place it -2 horizontally and 1 vertically relative to the block that is coloured blue,0,1,1,"(-2.3, 1.23, 0.02)","(-0.3, 0.23, 0.02)","(-0.15, 0.5, 0.02)","(-0.15, 0.37, 0.02)",0.13,"*** Observation *** 
Here is the initial position of each block and the end effector: 
Red Cube: (0.0, 0.23)
Green Cube: (-0.15, 0.37)
Blue Cube: (-0.3, 0.23)
Yellow Cube: (-0.15, 0.5)
End Effector: (0, 0.25)
Note - the arm itself is at 0,0. Assume that the x-axis determines left and right and the y-axis top and bottom."
6,"(0.3, 0.1, 0.02)","(0.3, 0.5, 0.02)","(-0.15, 0.5, 0.02)","(-0.15, 0.1, 0.02)",Take the block that is coloured yellow and place it at [0.15 0.1 ],2,0,,"(0.3, 0.1, 0.02)","(0.3, 0.5, 0.02)","(0.15, 0.1, 0.02)","(-0.15, 0.1, 0.02)",0.15,"*** Observation *** 
Here is the initial position of each block and the end effector: 
Red Cube: (0.3, 0.1)
Green Cube: (-0.15, 0.1)
Blue Cube: (0.3, 0.5)
Yellow Cube: (-0.15, 0.5)
End Effector: (0, 0.25)
Note - the arm itself is at 0,0. Assume that the x-axis determines left and right and the y-axis top and bottom."
7,"(0.0, 0.37, 0.02)","(0.3, 0.23, 0.02)","(-0.3, 0.23, 0.02)","(-0.15, 0.23, 0.02)",Take the block that is highest and place it -3 horizontally and 1 vertically relative to the block that is coloured green,0,1,3,"(-3.15, 1.23, 0.02)","(0.3, 0.23, 0.02)","(-0.3, 0.23, 0.02)","(-0.15, 0.23, 0.02)",0.15,"*** Observation *** 
Here is the initial position of each block and the end effector: 
Red Cube: (0.0, 0.37)
Green Cube: (-0.15, 0.23)
Blue Cube: (0.3, 0.23)
Yellow Cube: (-0.3, 0.23)
End Effector: (0, 0.25)
Note - the arm itself is at 0,0. Assume that the x-axis determines left and right and the y-axis top and bottom."
8,"(0.0, 0.5, 0.02)","(0.3, 0.5, 0.02)","(0.3, 0.23, 0.02)","(-0.15, 0.5, 0.02)",Take the block that is lowest and place it -4 horizontally and 3 vertically relative to the block that is leftmost,2,1,3,"(0.0, 0.5, 0.02)","(0.3, 0.5, 0.02)","(-4.15, 3.5, 0.02)","(-0.15, 0.5, 0.02)",0.15,"*** Observation *** 
Here is the initial position of each block and the end effector: 
Red Cube: (0.0, 0.5)
Green Cube: (-0.15, 0.5)
Blue Cube: (0.3, 0.5)
Yellow Cube: (0.3, 0.23)
End Effector: (0, 0.25)
Note - the arm itself is at 0,0. Assume that the x-axis determines left and right and the y-axis top and bottom."
9,"(0.15, 0.5, 0.02)","(0.3, 0.5, 0.02)","(-0.15, 0.37, 0.02)","(0.3, 0.37, 0.02)","Take the block that is (0.15000000000000002, 0.0) from the red block and place it at [0.3        0.23333333]",1,0,,"(0.15, 0.5, 0.02)","(0.3, 0.23, 0.02)","(-0.15, 0.37, 0.02)","(0.3, 0.37, 0.02)",0.14,"*** Observation *** 
Here is the initial position of each block and the end effector: 
Red Cube: (0.15, 0.5)
Green Cube: (0.3, 0.37)
Blue Cube: (0.3, 0.5)
Yellow Cube: (-0.15, 0.37)
End Effector: (0, 0.25)
Note - the arm itself is at 0,0. Assume that the x-axis determines left and right and the y-axis top and bottom."
10,"(0.0, 0.1, 0.02)","(0.0, 0.23, 0.02)","(0.15, 0.23, 0.02)","(-0.3, 0.1, 0.02)",Take the block that is coloured yellow and place it -3 horizontally and 2 vertically relative to the block that is coloured red,2,1,0,"(0.0, 0.1, 0.02)","(0.0, 0.23, 0.02)","(-3.0, 2.1, 0.02)","(-0.3, 0.1, 0.02)",0.13,"*** Observation *** 
Here is the initial position of each block and the end effector: 
Red Cube: (0.0, 0.1)
Green Cube: (-0.3, 0.1)
Blue Cube: (0.0, 0.23)
Yellow Cube: (0.15, 0.23)
End Effector: (0, 0.25)
Note - the arm itself is at 0,0. Assume that the x-axis determines left and right and the y-axis top and bottom."
11,"(-0.15, 0.5, 0.02)","(-0.3, 0.1, 0.02)","(0.0, 0.1, 0.02)","(-0.3, 0.5, 0.02)","Take the block that is coloured yellow and place it -1 horizontally and 2 vertically relative to the block that is (0.0, 0.4) from the blue block",2,1,3,"(-0.15, 0.5, 0.02)","(-0.3, 0.1, 0.02)","(-1.3, 2.5, 0.02)","(-0.3, 0.5, 0.02)",0.15,"*** Observation *** 
Here is the initial position of each block and the end effector: 
Red Cube: (-0.15, 0.5)
Green Cube: (-0.3, 0.5)
Blue Cube: (-0.3, 0.1)
Yellow Cube: (0.0, 0.1)
End Effector: (0, 0.25)
Note - the arm itself is at 0,0. Assume that the x-axis determines left and right and the y-axis top and bottom."
12,"(-0.3, 0.37, 0.02)","(-0.15, 0.37, 0.02)","(0.3, 0.5, 0.02)","(-0.15, 0.1, 0.02)",Take the block that is coloured yellow and place it at [-0.15        0.23333333],2,0,,"(-0.3, 0.37, 0.02)","(-0.15, 0.37, 0.02)","(-0.15, 0.23, 0.02)","(-0.15, 0.1, 0.02)",0.13,"*** Observation *** 
Here is the initial position of each block and the end effector: 
Red Cube: (-0.3, 0.37)
Green Cube: (-0.15, 0.1)
Blue Cube: (-0.15, 0.37)
Yellow Cube: (0.3, 0.5)
End Effector: (0, 0.25)
Note - the arm itself is at 0,0. Assume that the x-axis determines left and right and the y-axis top and bottom."
13,"(0.0, 0.37, 0.02)","(0.15, 0.23, 0.02)","(-0.3, 0.23, 0.02)","(-0.15, 0.23, 0.02)",Take the block that is coloured blue and place it at [0.15 0.5 ],1,0,,"(0.0, 0.37, 0.02)","(0.15, 0.5, 0.02)","(-0.3, 0.23, 0.02)","(-0.15, 0.23, 0.02)",0.15,"*** Observation *** 
Here is the initial position of each block and the end effector: 
Red Cube: (0.0, 0.37)
Green Cube: (-0.15, 0.23)
Blue Cube: (0.15, 0.23)
Yellow Cube: (-0.3, 0.23)
End Effector: (0, 0.25)
Note - the arm itself is at 0,0. Assume that the x-axis determines left and right and the y-axis top and bottom."
14,"(0.3, 0.23, 0.02)","(0.15, 0.23, 0.02)","(0.0, 0.1, 0.02)","(0.15, 0.37, 0.02)",Take the block that is coloured used to signal 'hot' and place it between the blocks that are coloured blue and coloured the color of money,0,2,[1 3],"(-0.3, 0.23, 0.02)","(0.15, 0.23, 0.02)","(0.0, 0.1, 0.02)","(0.15, 0.37, 0.02)",0.14,"*** Observation *** 
Here is the initial position of each block and the end effector: 
Red Cube: (0.3, 0.23)
Green Cube: (0.15, 0.37)
Blue Cube: (0.15, 0.23)
Yellow Cube: (0.0, 0.1)
End Effector: (0, 0.25)
Note - the arm itself is at 0,0. Assume that the x-axis determines left and right and the y-axis top and bottom."
15,"(0.3, 0.5, 0.02)","(-0.15, 0.1, 0.02)","(-0.15, 0.5, 0.02)","(-0.3, 0.5, 0.02)",Take the block that is coloured green and place it between the blocks that are rightmost and coloured yellow,3,2,[0 2],"(0.3, 0.5, 0.02)","(-0.15, 0.1, 0.02)","(-0.15, 0.5, 0.02)","(0.08, 0.5, 0.02)",0.22,"*** Observation *** 
Here is the initial position of each block and the end effector: 
Red Cube: (0.3, 0.5)
Green Cube: (-0.3, 0.5)
Blue Cube: (-0.15, 0.1)
Yellow Cube: (-0.15, 0.5)
End Effector: (0, 0.25)
Note - the arm itself is at 0,0. Assume that the x-axis determines left and right and the y-axis top and bottom."
16,"(0.3, 0.1, 0.02)","(0.15, 0.23, 0.02)","(-0.3, 0.5, 0.02)","(0.15, 0.37, 0.02)",Take the block that is leftmost and place it at [0.         0.23333333],2,0,,"(0.3, 0.1, 0.02)","(0.15, 0.23, 0.02)","(0.0, 0.23, 0.02)","(0.15, 0.37, 0.02)",0.14,"*** Observation *** 
Here is the initial position of each block and the end effector: 
Red Cube: (0.3, 0.1)
Green Cube: (0.15, 0.37)
Blue Cube: (0.15, 0.23)
Yellow Cube: (-0.3, 0.5)
End Effector: (0, 0.25)
Note - the arm itself is at 0,0. Assume that the x-axis determines left and right and the y-axis top and bottom."
17,"(0.3, 0.1, 0.02)","(0.3, 0.5, 0.02)","(0.15, 0.5, 0.02)","(0.0, 0.23, 0.02)",Take the block that is coloured yellow and place it -3 horizontally and -3 vertically relative to the block that is lowest,2,1,0,"(0.3, 0.1, 0.02)","(0.3, 0.5, 0.02)","(-2.7, -2.9, 0.02)","(0.0, 0.23, 0.02)",0.33,"*** Observation *** 
Here is the initial position of each block and the end effector: 
Red Cube: (0.3, 0.1)
Green Cube: (0.0, 0.23)
Blue Cube: (0.3, 0.5)
Yellow Cube: (0.15, 0.5)
End Effector: (0, 0.25)
Note - the arm itself is at 0,0. Assume that the x-axis determines left and right and the y-axis top and bottom."
18,"(0.3, 0.37, 0.02)","(0.3, 0.1, 0.02)","(-0.15, 0.5, 0.02)","(0.15, 0.23, 0.02)",Take the block that is leftmost and place it at [0.3        0.23333333],2,0,,"(0.3, 0.37, 0.02)","(0.3, 0.1, 0.02)","(0.3, 0.23, 0.02)","(0.15, 0.23, 0.02)",0.13,"*** Observation *** 
Here is the initial position of each block and the end effector: 
Red Cube: (0.3, 0.37)
Green Cube: (0.15, 0.23)
Blue Cube: (0.3, 0.1)
Yellow Cube: (-0.15, 0.5)
End Effector: (0, 0.25)
Note - the arm itself is at 0,0. Assume that the x-axis determines left and right and the y-axis top and bottom."
19,"(-0.3, 0.37, 0.02)","(-0.15, 0.5, 0.02)","(0.3, 0.1, 0.02)","(0.15, 0.1, 0.02)",Take the block that is coloured ruby and place it at [0.3        0.23333333],0,0,,"(0.3, 0.23, 0.02)","(-0.15, 0.5, 0.02)","(0.3, 0.1, 0.02)","(0.15, 0.1, 0.02)",0.13,"*** Observation *** 
Here is the initial position of each block and the end effector: 
Red Cube: (-0.3, 0.37)
Green Cube: (0.15, 0.1)
Blue Cube: (-0.15, 0.5)
Yellow Cube: (0.3, 0.1)
End Effector: (0, 0.25)
Note - the arm itself is at 0,0. Assume that the x-axis determines left and right and the y-axis top and bottom."
20,"(0.3, 0.23, 0.02)","(0.3, 0.37, 0.02)","(-0.3, 0.1, 0.02)","(0.3, 0.5, 0.02)","Take the block that is (0.6, 0.2666666666666667) from the yellow block and place it 2 horizontally and 3 vertically relative to the block that is coloured green",1,1,3,"(0.3, 0.23, 0.02)","(2.3, 3.5, 0.02)","(-0.3, 0.1, 0.02)","(0.3, 0.5, 0.02)",0.27,"*** Observation *** 
Here is the initial position of each block and the end effector: 
Red Cube: (0.3, 0.23)
Green Cube: (0.3, 0.5)
Blue Cube: (0.3, 0.37)
Yellow Cube: (-0.3, 0.1)
End Effector: (0, 0.25)
Note - the arm itself is at 0,0. Assume that the x-axis determines left and right and the y-axis top and bottom."
21,"(-0.3, 0.37, 0.02)","(-0.15, 0.23, 0.02)","(0.15, 0.37, 0.02)","(-0.15, 0.1, 0.02)",Take the block that is leftmost and place it at [0.         0.36666667],0,0,,"(0.0, 0.37, 0.02)","(-0.15, 0.23, 0.02)","(0.15, 0.37, 0.02)","(-0.15, 0.1, 0.02)",0.13,"*** Observation *** 
Here is the initial position of each block and the end effector: 
Red Cube: (-0.3, 0.37)
Green Cube: (-0.15, 0.1)
Blue Cube: (-0.15, 0.23)
Yellow Cube: (0.15, 0.37)
End Effector: (0, 0.25)
Note - the arm itself is at 0,0. Assume that the x-axis determines left and right and the y-axis top and bottom."
22,"(0.0, 0.5, 0.02)","(0.15, 0.37, 0.02)","(0.0, 0.37, 0.02)","(0.15, 0.5, 0.02)","Take the block that is (0.14999999999999997, 0.1333333333333333) from the yellow block and place it at [0.         0.23333333]",3,0,,"(0.0, 0.5, 0.02)","(0.15, 0.37, 0.02)","(0.0, 0.37, 0.02)","(0.0, 0.23, 0.02)",0.13,"*** Observation *** 
Here is the initial position of each block and the end effector: 
Red Cube: (0.0, 0.5)
Green Cube: (0.15, 0.5)
Blue Cube: (0.15, 0.37)
Yellow Cube: (0.0, 0.37)
End Effector: (0, 0.25)
Note - the arm itself is at 0,0. Assume that the x-axis determines left and right and the y-axis top and bottom."
23,"(-0.3, 0.23, 0.02)","(0.15, 0.23, 0.02)","(0.3, 0.1, 0.02)","(-0.15, 0.37, 0.02)",Take the block that is leftmost and place it at [0.15       0.36666667],0,0,,"(0.15, 0.37, 0.02)","(0.15, 0.23, 0.02)","(0.3, 0.1, 0.02)","(-0.15, 0.37, 0.02)",0.14,"*** Observation *** 
Here is the initial position of each block and the end effector: 
Red Cube: (-0.3, 0.23)
Green Cube: (-0.15, 0.37)
Blue Cube: (0.15, 0.23)
Yellow Cube: (0.3, 0.1)
End Effector: (0, 0.25)
Note - the arm itself is at 0,0. Assume that the x-axis determines left and right and the y-axis top and bottom."
24,"(0.0, 0.23, 0.02)","(-0.3, 0.37, 0.02)","(0.3, 0.37, 0.02)","(0.15, 0.23, 0.02)",Take the block that is coloured gold and place it at [0.15 0.1 ],2,0,,"(0.0, 0.23, 0.02)","(-0.3, 0.37, 0.02)","(0.15, 0.1, 0.02)","(0.15, 0.23, 0.02)",0.13,"*** Observation *** 
Here is the initial position of each block and the end effector: 
Red Cube: (0.0, 0.23)
Green Cube: (0.15, 0.23)
Blue Cube: (-0.3, 0.37)
Yellow Cube: (0.3, 0.37)
End Effector: (0, 0.25)
Note - the arm itself is at 0,0. Assume that the x-axis determines left and right and the y-axis top and bottom."
25,"(-0.3, 0.23, 0.02)","(0.15, 0.23, 0.02)","(0.0, 0.23, 0.02)","(-0.15, 0.23, 0.02)",Take the block that is coloured jade and place it at [0.         0.36666667],3,0,,"(-0.3, 0.23, 0.02)","(0.15, 0.23, 0.02)","(0.0, 0.23, 0.02)","(0.0, 0.37, 0.02)",0.14,"*** Observation *** 
Here is the initial position of each block and the end effector: 
Red Cube: (-0.3, 0.23)
Green Cube: (-0.15, 0.23)
Blue Cube: (0.15, 0.23)
Yellow Cube: (0.0, 0.23)
End Effector: (0, 0.25)
Note - the arm itself is at 0,0. Assume that the x-axis determines left and right and the y-axis top and bottom."
26,"(0.15, 0.1, 0.02)","(0.0, 0.37, 0.02)","(-0.3, 0.23, 0.02)","(-0.15, 0.5, 0.02)",Take the block that is coloured blue and place it at [-0.3  0.1],1,0,,"(0.15, 0.1, 0.02)","(-0.3, 0.1, 0.02)","(-0.3, 0.23, 0.02)","(-0.15, 0.5, 0.02)",0.13,"*** Observation *** 
Here is the initial position of each block and the end effector: 
Red Cube: (0.15, 0.1)
Green Cube: (-0.15, 0.5)
Blue Cube: (0.0, 0.37)
Yellow Cube: (-0.3, 0.23)
End Effector: (0, 0.25)
Note - the arm itself is at 0,0. Assume that the x-axis determines left and right and the y-axis top and bottom."
27,"(-0.3, 0.1, 0.02)","(0.15, 0.23, 0.02)","(0.3, 0.37, 0.02)","(0.3, 0.1, 0.02)",Take the block that is coloured yellow and place it -3 horizontally and -1 vertically relative to the block that is coloured green,2,1,3,"(-0.3, 0.1, 0.02)","(0.15, 0.23, 0.02)","(-2.7, -0.9, 0.02)","(0.3, 0.1, 0.02)",0.2,"*** Observation *** 
Here is the initial position of each block and the end effector: 
Red Cube: (-0.3, 0.1)
Green Cube: (0.3, 0.1)
Blue Cube: (0.15, 0.23)
Yellow Cube: (0.3, 0.37)
End Effector: (0, 0.25)
Note - the arm itself is at 0,0. Assume that the x-axis determines left and right and the y-axis top and bottom."
28,"(0.3, 0.37, 0.02)","(0.3, 0.1, 0.02)","(-0.3, 0.23, 0.02)","(0.0, 0.5, 0.02)",Take the block that is coloured green and place it between the blocks that are leftmost and lowest,3,2,[2 1],"(0.3, 0.37, 0.02)","(0.3, 0.1, 0.02)","(-0.3, 0.23, 0.02)","(0.0, 0.17, 0.02)",0.27,"*** Observation *** 
Here is the initial position of each block and the end effector: 
Red Cube: (0.3, 0.37)
Green Cube: (0.0, 0.5)
Blue Cube: (0.3, 0.1)
Yellow Cube: (-0.3, 0.23)
End Effector: (0, 0.25)
Note - the arm itself is at 0,0. Assume that the x-axis determines left and right and the y-axis top and bottom."
29,"(-0.15, 0.23, 0.02)","(0.3, 0.1, 0.02)","(-0.15, 0.37, 0.02)","(0.0, 0.1, 0.02)",Take the block that is coloured blue and place it 3 horizontally and -2 vertically relative to the block that is coloured the colour that signifies 'go',1,1,3,"(-0.15, 0.23, 0.02)","(3.0, -1.9, 0.02)","(-0.15, 0.37, 0.02)","(0.0, 0.1, 0.02)",0.14,"*** Observation *** 
Here is the initial position of each block and the end effector: 
Red Cube: (-0.15, 0.23)
Green Cube: (0.0, 0.1)
Blue Cube: (0.3, 0.1)
Yellow Cube: (-0.15, 0.37)
End Effector: (0, 0.25)
Note - the arm itself is at 0,0. Assume that the x-axis determines left and right and the y-axis top and bottom."
30,"(0.0, 0.23, 0.02)","(-0.3, 0.5, 0.02)","(0.0, 0.1, 0.02)","(0.15, 0.23, 0.02)",Take the block that is coloured red and place it between the blocks that are leftmost and coloured lime,0,2,[1 3],"(-0.08, 0.37, 0.02)","(-0.3, 0.5, 0.02)","(0.0, 0.1, 0.02)","(0.15, 0.23, 0.02)",0.2,"*** Observation *** 
Here is the initial position of each block and the end effector: 
Red Cube: (0.0, 0.23)
Green Cube: (0.15, 0.23)
Blue Cube: (-0.3, 0.5)
Yellow Cube: (0.0, 0.1)
End Effector: (0, 0.25)
Note - the arm itself is at 0,0. Assume that the x-axis determines left and right and the y-axis top and bottom."
31,"(0.15, 0.23, 0.02)","(0.0, 0.37, 0.02)","(0.0, 0.1, 0.02)","(0.15, 0.37, 0.02)",Take the block that is coloured blue and place it at [0.3        0.36666667],1,0,,"(0.15, 0.23, 0.02)","(0.3, 0.37, 0.02)","(0.0, 0.1, 0.02)","(0.15, 0.37, 0.02)",0.14,"*** Observation *** 
Here is the initial position of each block and the end effector: 
Red Cube: (0.15, 0.23)
Green Cube: (0.15, 0.37)
Blue Cube: (0.0, 0.37)
Yellow Cube: (0.0, 0.1)
End Effector: (0, 0.25)
Note - the arm itself is at 0,0. Assume that the x-axis determines left and right and the y-axis top and bottom."
32,"(0.15, 0.23, 0.02)","(-0.3, 0.23, 0.02)","(-0.3, 0.5, 0.02)","(-0.15, 0.23, 0.02)",Take the block that is coloured red and place it -1 horizontally and 1 vertically relative to the block that is coloured yellow,0,1,2,"(-1.3, 1.5, 0.02)","(-0.3, 0.23, 0.02)","(-0.3, 0.5, 0.02)","(-0.15, 0.23, 0.02)",0.15,"*** Observation *** 
Here is the initial position of each block and the end effector: 
Red Cube: (0.15, 0.23)
Green Cube: (-0.15, 0.23)
Blue Cube: (-0.3, 0.23)
Yellow Cube: (-0.3, 0.5)
End Effector: (0, 0.25)
Note - the arm itself is at 0,0. Assume that the x-axis determines left and right and the y-axis top and bottom."
33,"(0.15, 0.23, 0.02)","(0.15, 0.5, 0.02)","(0.3, 0.37, 0.02)","(-0.3, 0.5, 0.02)","Take the block that is leftmost and place it -2 horizontally and 3 vertically relative to the block that is (-0.15000000000000002, 0.1333333333333333) from the yellow block",3,1,1,"(0.15, 0.23, 0.02)","(0.15, 0.5, 0.02)","(0.3, 0.37, 0.02)","(-1.85, 3.5, 0.02)",0.2,"*** Observation *** 
Here is the initial position of each block and the end effector: 
Red Cube: (0.15, 0.23)
Green Cube: (-0.3, 0.5)
Blue Cube: (0.15, 0.5)
Yellow Cube: (0.3, 0.37)
End Effector: (0, 0.25)
Note - the arm itself is at 0,0. Assume that the x-axis determines left and right and the y-axis top and bottom."
34,"(-0.15, 0.5, 0.02)","(0.15, 0.37, 0.02)","(0.3, 0.1, 0.02)","(0.15, 0.5, 0.02)",Take the block that is coloured red and place it at [-0.3  0.5],0,0,,"(-0.3, 0.5, 0.02)","(0.15, 0.37, 0.02)","(0.3, 0.1, 0.02)","(0.15, 0.5, 0.02)",0.13,"*** Observation *** 
Here is the initial position of each block and the end effector: 
Red Cube: (-0.15, 0.5)
Green Cube: (0.15, 0.5)
Blue Cube: (0.15, 0.37)
Yellow Cube: (0.3, 0.1)
End Effector: (0, 0.25)
Note - the arm itself is at 0,0. Assume that the x-axis determines left and right and the y-axis top and bottom."
35,"(0.15, 0.37, 0.02)","(-0.3, 0.37, 0.02)","(-0.3, 0.5, 0.02)","(0.0, 0.37, 0.02)",Take the block that is coloured red and place it at [0.  0.5],0,0,,"(0.0, 0.5, 0.02)","(-0.3, 0.37, 0.02)","(-0.3, 0.5, 0.02)","(0.0, 0.37, 0.02)",0.13,"*** Observation *** 
Here is the initial position of each block and the end effector: 
Red Cube: (0.15, 0.37)
Green Cube: (0.0, 0.37)
Blue Cube: (-0.3, 0.37)
Yellow Cube: (-0.3, 0.5)
End Effector: (0, 0.25)
Note - the arm itself is at 0,0. Assume that the x-axis determines left and right and the y-axis top and bottom."
36,"(-0.3, 0.23, 0.02)","(-0.3, 0.1, 0.02)","(-0.15, 0.5, 0.02)","(0.3, 0.37, 0.02)",Take the block that is coloured associated with brightness and place it at [0.  0.1],2,0,,"(-0.3, 0.23, 0.02)","(-0.3, 0.1, 0.02)","(0.0, 0.1, 0.02)","(0.3, 0.37, 0.02)",0.13,"*** Observation *** 
Here is the initial position of each block and the end effector: 
Red Cube: (-0.3, 0.23)
Green Cube: (0.3, 0.37)
Blue Cube: (-0.3, 0.1)
Yellow Cube: (-0.15, 0.5)
End Effector: (0, 0.25)
Note - the arm itself is at 0,0. Assume that the x-axis determines left and right and the y-axis top and bottom."
37,"(-0.15, 0.37, 0.02)","(-0.15, 0.23, 0.02)","(0.0, 0.37, 0.02)","(0.3, 0.1, 0.02)",Take the block that is coloured sunflower-hued and place it -2 horizontally and -1 vertically relative to the block that is coloured red,2,1,0,"(-0.15, 0.37, 0.02)","(-0.15, 0.23, 0.02)","(-2.15, -0.63, 0.02)","(0.3, 0.1, 0.02)",0.14,"*** Observation *** 
Here is the initial position of each block and the end effector: 
Red Cube: (-0.15, 0.37)
Green Cube: (0.3, 0.1)
Blue Cube: (-0.15, 0.23)
Yellow Cube: (0.0, 0.37)
End Effector: (0, 0.25)
Note - the arm itself is at 0,0. Assume that the x-axis determines left and right and the y-axis top and bottom."
38,"(0.15, 0.1, 0.02)","(0.0, 0.37, 0.02)","(0.0, 0.23, 0.02)","(-0.15, 0.5, 0.02)",Take the block that is leftmost and place it at [-0.15  0.1 ],3,0,,"(0.15, 0.1, 0.02)","(0.0, 0.37, 0.02)","(0.0, 0.23, 0.02)","(-0.15, 0.1, 0.02)",0.14,"*** Observation *** 
Here is the initial position of each block and the end effector: 
Red Cube: (0.15, 0.1)
Green Cube: (-0.15, 0.5)
Blue Cube: (0.0, 0.37)
Yellow Cube: (0.0, 0.23)
End Effector: (0, 0.25)
Note - the arm itself is at 0,0. Assume that the x-axis determines left and right and the y-axis top and bottom."
39,"(0.0, 0.23, 0.02)","(-0.15, 0.37, 0.02)","(0.0, 0.1, 0.02)","(-0.15, 0.23, 0.02)",Take the block that is coloured green and place it -2 horizontally and -4 vertically relative to the block that is coloured butter-colored,3,1,2,"(0.0, 0.23, 0.02)","(-0.15, 0.37, 0.02)","(0.0, 0.1, 0.02)","(-2.0, -3.9, 0.02)",0.13,"*** Observation *** 
Here is the initial position of each block and the end effector: 
Red Cube: (0.0, 0.23)
Green Cube: (-0.15, 0.23)
Blue Cube: (-0.15, 0.37)
Yellow Cube: (0.0, 0.1)
End Effector: (0, 0.25)
Note - the arm itself is at 0,0. Assume that the x-axis determines left and right and the y-axis top and bottom."
40,"(0.3, 0.5, 0.02)","(0.0, 0.37, 0.02)","(0.3, 0.37, 0.02)","(0.15, 0.5, 0.02)",Take the block that is coloured jade and place it -4 horizontally and 1 vertically relative to the block that is coloured crimson,3,1,0,"(0.3, 0.5, 0.02)","(0.0, 0.37, 0.02)","(0.3, 0.37, 0.02)","(-3.7, 1.5, 0.02)",0.13,"*** Observation *** 
Here is the initial position of each block and the end effector: 
Red Cube: (0.3, 0.5)
Green Cube: (0.15, 0.5)
Blue Cube: (0.0, 0.37)
Yellow Cube: (0.3, 0.37)
End Effector: (0, 0.25)
Note - the arm itself is at 0,0. Assume that the x-axis determines left and right and the y-axis top and bottom."
41,"(-0.3, 0.23, 0.02)","(0.15, 0.1, 0.02)","(-0.15, 0.1, 0.02)","(0.0, 0.23, 0.02)",Take the block that is coloured lemon and place it at [-0.15        0.36666667],2,0,,"(-0.3, 0.23, 0.02)","(0.15, 0.1, 0.02)","(-0.15, 0.37, 0.02)","(0.0, 0.23, 0.02)",0.2,"*** Observation *** 
Here is the initial position of each block and the end effector: 
Red Cube: (-0.3, 0.23)
Green Cube: (0.0, 0.23)
Blue Cube: (0.15, 0.1)
Yellow Cube: (-0.15, 0.1)
End Effector: (0, 0.25)
Note - the arm itself is at 0,0. Assume that the x-axis determines left and right and the y-axis top and bottom."
42,"(-0.15, 0.5, 0.02)","(-0.3, 0.23, 0.02)","(-0.3, 0.1, 0.02)","(0.15, 0.23, 0.02)",Take the block that is coloured banana-colored and place it at [0.  0.1],2,0,,"(-0.15, 0.5, 0.02)","(-0.3, 0.23, 0.02)","(0.0, 0.1, 0.02)","(0.15, 0.23, 0.02)",0.2,"*** Observation *** 
Here is the initial position of each block and the end effector: 
Red Cube: (-0.15, 0.5)
Green Cube: (0.15, 0.23)
Blue Cube: (-0.3, 0.23)
Yellow Cube: (-0.3, 0.1)
End Effector: (0, 0.25)
Note - the arm itself is at 0,0. Assume that the x-axis determines left and right and the y-axis top and bottom."
43,"(0.0, 0.5, 0.02)","(-0.3, 0.37, 0.02)","(0.15, 0.23, 0.02)","(0.3, 0.5, 0.02)",Take the block that is lowest and place it between the blocks that are coloured emerald and coloured navy,2,2,[3 1],"(0.0, 0.5, 0.02)","(-0.3, 0.37, 0.02)","(-0.3, 0.23, 0.02)","(0.3, 0.5, 0.02)",0.14,"*** Observation *** 
Here is the initial position of each block and the end effector: 
Red Cube: (0.0, 0.5)
Green Cube: (0.3, 0.5)
Blue Cube: (-0.3, 0.37)
Yellow Cube: (0.15, 0.23)
End Effector: (0, 0.25)
Note - the arm itself is at 0,0. Assume that the x-axis determines left and right and the y-axis top and bottom."
44,"(0.0, 0.5, 0.02)","(0.3, 0.23, 0.02)","(0.15, 0.1, 0.02)","(-0.15, 0.23, 0.02)",Take the block that is coloured blue and place it at [0.3 0.5],1,0,,"(0.0, 0.5, 0.02)","(0.3, 0.5, 0.02)","(0.15, 0.1, 0.02)","(-0.15, 0.23, 0.02)",0.3,"*** Observation *** 
Here is the initial position of each block and the end effector: 
Red Cube: (0.0, 0.5)
Green Cube: (-0.15, 0.23)
Blue Cube: (0.3, 0.23)
Yellow Cube: (0.15, 0.1)
End Effector: (0, 0.25)
Note - the arm itself is at 0,0. Assume that the x-axis determines left and right and the y-axis top and bottom."
45,"(-0.15, 0.1, 0.02)","(0.15, 0.23, 0.02)","(0.3, 0.23, 0.02)","(0.3, 0.5, 0.02)",Take the block that is leftmost and place it at [-0.15  0.5 ],0,0,,"(-0.15, 0.5, 0.02)","(0.15, 0.23, 0.02)","(0.3, 0.23, 0.02)","(0.3, 0.5, 0.02)",0.15,"*** Observation *** 
Here is the initial position of each block and the end effector: 
Red Cube: (-0.15, 0.1)
Green Cube: (0.3, 0.5)
Blue Cube: (0.15, 0.23)
Yellow Cube: (0.3, 0.23)
End Effector: (0, 0.25)
Note - the arm itself is at 0,0. Assume that the x-axis determines left and right and the y-axis top and bottom."
46,"(0.3, 0.1, 0.02)","(-0.3, 0.23, 0.02)","(-0.15, 0.1, 0.02)","(-0.15, 0.37, 0.02)",Take the block that is coloured jade and place it at [0.  0.5],3,0,,"(0.3, 0.1, 0.02)","(-0.3, 0.23, 0.02)","(-0.15, 0.1, 0.02)","(0.0, 0.5, 0.02)",0.2,"*** Observation *** 
Here is the initial position of each block and the end effector: 
Red Cube: (0.3, 0.1)
Green Cube: (-0.15, 0.37)
Blue Cube: (-0.3, 0.23)
Yellow Cube: (-0.15, 0.1)
End Effector: (0, 0.25)
Note - the arm itself is at 0,0. Assume that the x-axis determines left and right and the y-axis top and bottom."
47,"(0.15, 0.37, 0.02)","(0.3, 0.1, 0.02)","(-0.3, 0.37, 0.02)","(0.15, 0.5, 0.02)",Take the block that is coloured green and place it at [0.3        0.36666667],3,0,,"(0.15, 0.37, 0.02)","(0.3, 0.1, 0.02)","(-0.3, 0.37, 0.02)","(0.3, 0.37, 0.02)",0.15,"*** Observation *** 
Here is the initial position of each block and the end effector: 
Red Cube: (0.15, 0.37)
Green Cube: (0.15, 0.5)
Blue Cube: (0.3, 0.1)
Yellow Cube: (-0.3, 0.37)
End Effector: (0, 0.25)
Note - the arm itself is at 0,0. Assume that the x-axis determines left and right and the y-axis top and bottom."
48,"(0.15, 0.37, 0.02)","(-0.15, 0.1, 0.02)","(-0.15, 0.23, 0.02)","(0.0, 0.5, 0.02)",Take the block that is highest and place it between the blocks that are coloured blue and coloured yellow,3,2,[1 2],"(0.15, 0.37, 0.02)","(-0.15, 0.1, 0.02)","(-0.15, 0.23, 0.02)","(-0.15, 0.37, 0.02)",0.13,"*** Observation *** 
Here is the initial position of each block and the end effector: 
Red Cube: (0.15, 0.37)
Green Cube: (0.0, 0.5)
Blue Cube: (-0.15, 0.1)
Yellow Cube: (-0.15, 0.23)
End Effector: (0, 0.25)
Note - the arm itself is at 0,0. Assume that the x-axis determines left and right and the y-axis top and bottom."
49,"(0.0, 0.5, 0.02)","(0.0, 0.23, 0.02)","(0.3, 0.1, 0.02)","(0.3, 0.5, 0.02)",Take the block that is coloured sky-colored and place it 1 horizontally and 1 vertically relative to the block that is lowest,1,1,2,"(0.0, 0.5, 0.02)","(1.3, 1.1, 0.02)","(0.3, 0.1, 0.02)","(0.3, 0.5, 0.02)",0.3,"*** Observation *** 
Here is the initial position of each block and the end effector: 
Red Cube: (0.0, 0.5)
Green Cube: (0.3, 0.5)
Blue Cube: (0.0, 0.23)
Yellow Cube: (0.3, 0.1)
End Effector: (0, 0.25)
Note - the arm itself is at 0,0. Assume that the x-axis determines left and right and the y-axis top and bottom."
50,"(0.3, 0.23, 0.02)","(0.0, 0.5, 0.02)","(0.15, 0.37, 0.02)","(0.15, 0.1, 0.02)",Take the block that is coloured yellow and place it between the blocks that are coloured blue and rightmost,2,2,[1 0],"(0.3, 0.23, 0.02)","(0.0, 0.5, 0.02)","(0.15, 0.37, 0.02)","(0.15, 0.1, 0.02)",0.2,"*** Observation *** 
Here is the initial position of each block and the end effector: 
Red Cube: (0.3, 0.23)
Green Cube: (0.15, 0.1)
Blue Cube: (0.0, 0.5)
Yellow Cube: (0.15, 0.37)
End Effector: (0, 0.25)
Note - the arm itself is at 0,0. Assume that the x-axis determines left and right and the y-axis top and bottom."
51,"(-0.3, 0.1, 0.02)","(0.15, 0.1, 0.02)","(-0.3, 0.5, 0.02)","(0.15, 0.37, 0.02)","Take the block that is (0.0, 0.2666666666666667) from the blue block and place it 1 horizontally and 1 vertically relative to the block that is highest",3,1,2,"(-0.3, 0.1, 0.02)","(0.15, 0.1, 0.02)","(-0.3, 0.5, 0.02)","(0.7, 1.5, 0.02)",0.4,"*** Observation *** 
Here is the initial position of each block and the end effector: 
Red Cube: (-0.3, 0.1)
Green Cube: (0.15, 0.37)
Blue Cube: (0.15, 0.1)
Yellow Cube: (-0.3, 0.5)
End Effector: (0, 0.25)
Note - the arm itself is at 0,0. Assume that the x-axis determines left and right and the y-axis top and bottom."
52,"(-0.3, 0.37, 0.02)","(0.3, 0.23, 0.02)","(0.3, 0.1, 0.02)","(0.3, 0.5, 0.02)","Take the block that is (0.0, -0.26666666666666666) from the green block and place it at [0.  0.5]",1,0,,"(-0.3, 0.37, 0.02)","(0.0, 0.5, 0.02)","(0.3, 0.1, 0.02)","(0.3, 0.5, 0.02)",0.3,"*** Observation *** 
Here is the initial position of each block and the end effector: 
Red Cube: (-0.3, 0.37)
Green Cube: (0.3, 0.5)
Blue Cube: (0.3, 0.23)
Yellow Cube: (0.3, 0.1)
End Effector: (0, 0.25)
Note - the arm itself is at 0,0. Assume that the x-axis determines left and right and the y-axis top and bottom."
53,"(0.3, 0.5, 0.02)","(0.15, 0.5, 0.02)","(-0.3, 0.1, 0.02)","(0.15, 0.23, 0.02)","Take the block that is (0.44999999999999996, 0.4) from the yellow block and place it 1 horizontally and -1 vertically relative to the block that is rightmost",1,1,0,"(0.3, 0.5, 0.02)","(1.3, -0.5, 0.02)","(-0.3, 0.1, 0.02)","(0.15, 0.23, 0.02)",0.31,"*** Observation *** 
Here is the initial position of each block and the end effector: 
Red Cube: (0.3, 0.5)
Green Cube: (0.15, 0.23)
Blue Cube: (0.15, 0.5)
Yellow Cube: (-0.3, 0.1)
End Effector: (0, 0.25)
Note - the arm itself is at 0,0. Assume that the x-axis determines left and right and the y-axis top and bottom."
54,"(0.0, 0.23, 0.02)","(-0.15, 0.5, 0.02)","(0.0, 0.1, 0.02)","(0.15, 0.5, 0.02)",Take the block that is coloured blue and place it at [-0.3  0.5],1,0,,"(0.0, 0.23, 0.02)","(-0.3, 0.5, 0.02)","(0.0, 0.1, 0.02)","(0.15, 0.5, 0.02)",0.13,"*** Observation *** 
Here is the initial position of each block and the end effector: 
Red Cube: (0.0, 0.23)
Green Cube: (0.15, 0.5)
Blue Cube: (-0.15, 0.5)
Yellow Cube: (0.0, 0.1)
End Effector: (0, 0.25)
Note - the arm itself is at 0,0. Assume that the x-axis determines left and right and the y-axis top and bottom."
55,"(0.15, 0.23, 0.02)","(-0.3, 0.1, 0.02)","(0.3, 0.5, 0.02)","(0.3, 0.1, 0.02)","Take the block that is (0.0, -0.4) from the yellow block and place it at [0.         0.23333333]",3,0,,"(0.15, 0.23, 0.02)","(-0.3, 0.1, 0.02)","(0.3, 0.5, 0.02)","(0.0, 0.23, 0.02)",0.15,"*** Observation *** 
Here is the initial position of each block and the end effector: 
Red Cube: (0.15, 0.23)
Green Cube: (0.3, 0.1)
Blue Cube: (-0.3, 0.1)
Yellow Cube: (0.3, 0.5)
End Effector: (0, 0.25)
Note - the arm itself is at 0,0. Assume that the x-axis determines left and right and the y-axis top and bottom."
56,"(-0.15, 0.37, 0.02)","(0.3, 0.5, 0.02)","(0.3, 0.23, 0.02)","(-0.3, 0.5, 0.02)",Take the block that is lowest and place it at [0.  0.1],2,0,,"(-0.15, 0.37, 0.02)","(0.3, 0.5, 0.02)","(0.0, 0.1, 0.02)","(-0.3, 0.5, 0.02)",0.2,"*** Observation *** 
Here is the initial position of each block and the end effector: 
Red Cube: (-0.15, 0.37)
Green Cube: (-0.3, 0.5)
Blue Cube: (0.3, 0.5)
Yellow Cube: (0.3, 0.23)
End Effector: (0, 0.25)
Note - the arm itself is at 0,0. Assume that the x-axis determines left and right and the y-axis top and bottom."
57,"(-0.3, 0.5, 0.02)","(-0.15, 0.23, 0.02)","(0.3, 0.5, 0.02)","(0.3, 0.37, 0.02)",Take the block that is coloured lemon and place it between the blocks that are coloured the eco-friendly one and coloured red,2,2,[3 0],"(-0.3, 0.5, 0.02)","(-0.15, 0.23, 0.02)","(0.0, 0.43, 0.02)","(0.3, 0.37, 0.02)",0.25,"*** Observation *** 
Here is the initial position of each block and the end effector: 
Red Cube: (-0.3, 0.5)
Green Cube: (0.3, 0.37)
Blue Cube: (-0.15, 0.23)
Yellow Cube: (0.3, 0.5)
End Effector: (0, 0.25)
Note - the arm itself is at 0,0. Assume that the x-axis determines left and right and the y-axis top and bottom."
58,"(-0.3, 0.5, 0.02)","(-0.15, 0.1, 0.02)","(0.3, 0.23, 0.02)","(0.15, 0.23, 0.02)",Take the block that is coloured butter-colored and place it between the blocks that are coloured red and lowest,2,2,[0 1],"(-0.3, 0.5, 0.02)","(-0.15, 0.1, 0.02)","(-0.22, 0.3, 0.02)","(0.15, 0.23, 0.02)",0.21,"*** Observation *** 
Here is the initial position of each block and the end effector: 
Red Cube: (-0.3, 0.5)
Green Cube: (0.15, 0.23)
Blue Cube: (-0.15, 0.1)
Yellow Cube: (0.3, 0.23)
End Effector: (0, 0.25)
Note - the arm itself is at 0,0. Assume that the x-axis determines left and right and the y-axis top and bottom."
59,"(0.3, 0.23, 0.02)","(-0.3, 0.37, 0.02)","(0.15, 0.23, 0.02)","(0.15, 0.37, 0.02)",Take the block that is coloured yellow and place it -1 horizontally and 3 vertically relative to the block that is coloured blue,2,1,1,"(0.3, 0.23, 0.02)","(-0.3, 0.37, 0.02)","(-1.3, 3.37, 0.02)","(0.15, 0.37, 0.02)",0.21,"*** Observation *** 
Here is the initial position of each block and the end effector: 
Red Cube: (0.3, 0.23)
Green Cube: (0.15, 0.37)
Blue Cube: (-0.3, 0.37)
Yellow Cube: (0.15, 0.23)
End Effector: (0, 0.25)
Note - the arm itself is at 0,0. Assume that the x-axis determines left and right and the y-axis top and bottom."
60,"(0.0, 0.5, 0.02)","(0.15, 0.1, 0.02)","(0.3, 0.23, 0.02)","(0.15, 0.37, 0.02)",Take the block that is leftmost and place it -4 horizontally and -1 vertically relative to the block that is coloured blue,0,1,1,"(-3.85, -0.9, 0.02)","(0.15, 0.1, 0.02)","(0.3, 0.23, 0.02)","(0.15, 0.37, 0.02)",0.2,"*** Observation *** 
Here is the initial position of each block and the end effector: 
Red Cube: (0.0, 0.5)
Green Cube: (0.15, 0.37)
Blue Cube: (0.15, 0.1)
Yellow Cube: (0.3, 0.23)
End Effector: (0, 0.25)
Note - the arm itself is at 0,0. Assume that the x-axis determines left and right and the y-axis top and bottom."
61,"(-0.3, 0.23, 0.02)","(-0.3, 0.37, 0.02)","(0.15, 0.37, 0.02)","(0.15, 0.23, 0.02)","Take the block that is (0.44999999999999996, 0.0) from the blue block and place it 3 horizontally and -3 vertically relative to the block that is coloured red",2,1,0,"(-0.3, 0.23, 0.02)","(-0.3, 0.37, 0.02)","(2.7, -2.77, 0.02)","(0.15, 0.23, 0.02)",0.14,"*** Observation *** 
Here is the initial position of each block and the end effector: 
Red Cube: (-0.3, 0.23)
Green Cube: (0.15, 0.23)
Blue Cube: (-0.3, 0.37)
Yellow Cube: (0.15, 0.37)
End Effector: (0, 0.25)
Note - the arm itself is at 0,0. Assume that the x-axis determines left and right and the y-axis top and bottom."
62,"(0.3, 0.1, 0.02)","(0.15, 0.1, 0.02)","(0.3, 0.23, 0.02)","(-0.15, 0.37, 0.02)","Take the block that is (0.29999999999999993, -0.2666666666666667) from the green block and place it at [-0.3  0.5]",1,0,,"(0.3, 0.1, 0.02)","(-0.3, 0.5, 0.02)","(0.3, 0.23, 0.02)","(-0.15, 0.37, 0.02)",0.13,"*** Observation *** 
Here is the initial position of each block and the end effector: 
Red Cube: (0.3, 0.1)
Green Cube: (-0.15, 0.37)
Blue Cube: (0.15, 0.1)
Yellow Cube: (0.3, 0.23)
End Effector: (0, 0.25)
Note - the arm itself is at 0,0. Assume that the x-axis determines left and right and the y-axis top and bottom."
63,"(0.3, 0.37, 0.02)","(0.0, 0.1, 0.02)","(0.15, 0.5, 0.02)","(-0.3, 0.23, 0.02)",Take the block that is rightmost and place it at [0.  0.5],0,0,,"(0.0, 0.5, 0.02)","(0.0, 0.1, 0.02)","(0.15, 0.5, 0.02)","(-0.3, 0.23, 0.02)",0.15,"*** Observation *** 
Here is the initial position of each block and the end effector: 
Red Cube: (0.3, 0.37)
Green Cube: (-0.3, 0.23)
Blue Cube: (0.0, 0.1)
Yellow Cube: (0.15, 0.5)
End Effector: (0, 0.25)
Note - the arm itself is at 0,0. Assume that the x-axis determines left and right and the y-axis top and bottom."
64,"(-0.3, 0.37, 0.02)","(0.15, 0.5, 0.02)","(0.0, 0.1, 0.02)","(0.15, 0.23, 0.02)",Take the block that is coloured ocean ball and place it at [0.         0.36666667],1,0,,"(-0.3, 0.37, 0.02)","(0.0, 0.37, 0.02)","(0.0, 0.1, 0.02)","(0.15, 0.23, 0.02)",0.2,"*** Observation *** 
Here is the initial position of each block and the end effector: 
Red Cube: (-0.3, 0.37)
Green Cube: (0.15, 0.23)
Blue Cube: (0.15, 0.5)
Yellow Cube: (0.0, 0.1)
End Effector: (0, 0.25)
Note - the arm itself is at 0,0. Assume that the x-axis determines left and right and the y-axis top and bottom."
65,"(-0.3, 0.5, 0.02)","(0.0, 0.5, 0.02)","(0.3, 0.37, 0.02)","(0.3, 0.23, 0.02)",Take the block that is coloured green and place it at [0.  0.1],3,0,,"(-0.3, 0.5, 0.02)","(0.0, 0.5, 0.02)","(0.3, 0.37, 0.02)","(0.0, 0.1, 0.02)",0.3,"*** Observation *** 
Here is the initial position of each block and the end effector: 
Red Cube: (-0.3, 0.5)
Green Cube: (0.3, 0.23)
Blue Cube: (0.0, 0.5)
Yellow Cube: (0.3, 0.37)
End Effector: (0, 0.25)
Note - the arm itself is at 0,0. Assume that the x-axis determines left and right and the y-axis top and bottom."
66,"(-0.3, 0.37, 0.02)","(0.3, 0.5, 0.02)","(0.15, 0.5, 0.02)","(0.0, 0.23, 0.02)",Take the block that is coloured associated with brightness and place it -4 horizontally and 2 vertically relative to the block that is coloured mint,2,1,3,"(-0.3, 0.37, 0.02)","(0.3, 0.5, 0.02)","(-4.0, 2.23, 0.02)","(0.0, 0.23, 0.02)",0.33,"*** Observation *** 
Here is the initial position of each block and the end effector: 
Red Cube: (-0.3, 0.37)
Green Cube: (0.0, 0.23)
Blue Cube: (0.3, 0.5)
Yellow Cube: (0.15, 0.5)
End Effector: (0, 0.25)
Note - the arm itself is at 0,0. Assume that the x-axis determines left and right and the y-axis top and bottom."
67,"(0.0, 0.37, 0.02)","(0.0, 0.23, 0.02)","(0.3, 0.37, 0.02)","(0.15, 0.5, 0.02)",Take the block that is coloured the colour of the US democratic party and place it between the blocks that are coloured green and coloured yellow,1,2,[3 2],"(0.0, 0.37, 0.02)","(-0.15, 0.5, 0.02)","(0.3, 0.37, 0.02)","(0.15, 0.5, 0.02)",0.2,"*** Observation *** 
Here is the initial position of each block and the end effector: 
Red Cube: (0.0, 0.37)
Green Cube: (0.15, 0.5)
Blue Cube: (0.0, 0.23)
Yellow Cube: (0.3, 0.37)
End Effector: (0, 0.25)
Note - the arm itself is at 0,0. Assume that the x-axis determines left and right and the y-axis top and bottom."
68,"(-0.3, 0.37, 0.02)","(0.3, 0.23, 0.02)","(-0.15, 0.1, 0.02)","(-0.3, 0.23, 0.02)",Take the block that is coloured red and place it 2 horizontally and -1 vertically relative to the block that is rightmost,0,1,1,"(2.3, -0.77, 0.02)","(0.3, 0.23, 0.02)","(-0.15, 0.1, 0.02)","(-0.3, 0.23, 0.02)",0.2,"*** Observation *** 
Here is the initial position of each block and the end effector: 
Red Cube: (-0.3, 0.37)
Green Cube: (-0.3, 0.23)
Blue Cube: (0.3, 0.23)
Yellow Cube: (-0.15, 0.1)
End Effector: (0, 0.25)
Note - the arm itself is at 0,0. Assume that the x-axis determines left and right and the y-axis top and bottom."
69,"(-0.3, 0.23, 0.02)","(-0.15, 0.23, 0.02)","(-0.3, 0.1, 0.02)","(0.0, 0.37, 0.02)",Take the block that is coloured green and place it at [-0.15  0.1 ],3,0,,"(-0.3, 0.23, 0.02)","(-0.15, 0.23, 0.02)","(-0.3, 0.1, 0.02)","(-0.15, 0.1, 0.02)",0.13,"*** Observation *** 
Here is the initial position of each block and the end effector: 
Red Cube: (-0.3, 0.23)
Green Cube: (0.0, 0.37)
Blue Cube: (-0.15, 0.23)
Yellow Cube: (-0.3, 0.1)
End Effector: (0, 0.25)
Note - the arm itself is at 0,0. Assume that the x-axis determines left and right and the y-axis top and bottom."
70,"(0.15, 0.5, 0.02)","(0.15, 0.1, 0.02)","(0.0, 0.1, 0.02)","(-0.15, 0.5, 0.02)",Take the block that is coloured red and place it at [0.15       0.36666667],0,0,,"(0.15, 0.37, 0.02)","(0.15, 0.1, 0.02)","(0.0, 0.1, 0.02)","(-0.15, 0.5, 0.02)",0.15,"*** Observation *** 
Here is the initial position of each block and the end effector: 
Red Cube: (0.15, 0.5)
Green Cube: (-0.15, 0.5)
Blue Cube: (0.15, 0.1)
Yellow Cube: (0.0, 0.1)
End Effector: (0, 0.25)
Note - the arm itself is at 0,0. Assume that the x-axis determines left and right and the y-axis top and bottom."
71,"(0.0, 0.23, 0.02)","(0.15, 0.5, 0.02)","(-0.15, 0.5, 0.02)","(-0.3, 0.1, 0.02)",Take the block that is coloured green and place it at [0.15       0.36666667],3,0,,"(0.0, 0.23, 0.02)","(0.15, 0.5, 0.02)","(-0.15, 0.5, 0.02)","(0.15, 0.37, 0.02)",0.13,"*** Observation *** 
Here is the initial position of each block and the end effector: 
Red Cube: (0.0, 0.23)
Green Cube: (-0.3, 0.1)
Blue Cube: (0.15, 0.5)
Yellow Cube: (-0.15, 0.5)
End Effector: (0, 0.25)
Note - the arm itself is at 0,0. Assume that the x-axis determines left and right and the y-axis top and bottom."
72,"(0.3, 0.1, 0.02)","(-0.15, 0.5, 0.02)","(0.3, 0.23, 0.02)","(-0.15, 0.37, 0.02)",Take the block that is coloured used to signal 'hot' and place it at [0.15 0.1 ],0,0,,"(0.15, 0.1, 0.02)","(-0.15, 0.5, 0.02)","(0.3, 0.23, 0.02)","(-0.15, 0.37, 0.02)",0.13,"*** Observation *** 
Here is the initial position of each block and the end effector: 
Red Cube: (0.3, 0.1)
Green Cube: (-0.15, 0.37)
Blue Cube: (-0.15, 0.5)
Yellow Cube: (0.3, 0.23)
End Effector: (0, 0.25)
Note - the arm itself is at 0,0. Assume that the x-axis determines left and right and the y-axis top and bottom."
73,"(-0.15, 0.5, 0.02)","(0.0, 0.1, 0.02)","(0.0, 0.37, 0.02)","(-0.15, 0.1, 0.02)",Take the block that is highest and place it 2 horizontally and 2 vertically relative to the block that is coloured sky-colored,0,1,1,"(2.0, 2.1, 0.02)","(0.0, 0.1, 0.02)","(0.0, 0.37, 0.02)","(-0.15, 0.1, 0.02)",0.15,"*** Observation *** 
Here is the initial position of each block and the end effector: 
Red Cube: (-0.15, 0.5)
Green Cube: (-0.15, 0.1)
Blue Cube: (0.0, 0.1)
Yellow Cube: (0.0, 0.37)
End Effector: (0, 0.25)
Note - the arm itself is at 0,0. Assume that the x-axis determines left and right and the y-axis top and bottom."
74,"(0.3, 0.37, 0.02)","(-0.15, 0.23, 0.02)","(0.0, 0.37, 0.02)","(0.0, 0.1, 0.02)",Take the block that is coloured like a cowards belly and place it at [0.3        0.23333333],2,0,,"(0.3, 0.37, 0.02)","(-0.15, 0.23, 0.02)","(0.3, 0.23, 0.02)","(0.0, 0.1, 0.02)",0.14,"*** Observation *** 
Here is the initial position of each block and the end effector: 
Red Cube: (0.3, 0.37)
Green Cube: (0.0, 0.1)
Blue Cube: (-0.15, 0.23)
Yellow Cube: (0.0, 0.37)
End Effector: (0, 0.25)
Note - the arm itself is at 0,0. Assume that the x-axis determines left and right and the y-axis top and bottom."
75,"(0.3, 0.23, 0.02)","(-0.15, 0.5, 0.02)","(0.0, 0.37, 0.02)","(0.15, 0.1, 0.02)",Take the block that is coloured jade and place it at [-0.15  0.1 ],3,0,,"(0.3, 0.23, 0.02)","(-0.15, 0.5, 0.02)","(0.0, 0.37, 0.02)","(-0.15, 0.1, 0.02)",0.2,"*** Observation *** 
Here is the initial position of each block and the end effector: 
Red Cube: (0.3, 0.23)
Green Cube: (0.15, 0.1)
Blue Cube: (-0.15, 0.5)
Yellow Cube: (0.0, 0.37)
End Effector: (0, 0.25)
Note - the arm itself is at 0,0. Assume that the x-axis determines left and right and the y-axis top and bottom."
76,"(0.15, 0.23, 0.02)","(0.3, 0.37, 0.02)","(0.0, 0.1, 0.02)","(0.3, 0.5, 0.02)",Take the block that is coloured ruby and place it at [-0.15  0.1 ],0,0,,"(-0.15, 0.1, 0.02)","(0.3, 0.37, 0.02)","(0.0, 0.1, 0.02)","(0.3, 0.5, 0.02)",0.13,"*** Observation *** 
Here is the initial position of each block and the end effector: 
Red Cube: (0.15, 0.23)
Green Cube: (0.3, 0.5)
Blue Cube: (0.3, 0.37)
Yellow Cube: (0.0, 0.1)
End Effector: (0, 0.25)
Note - the arm itself is at 0,0. Assume that the x-axis determines left and right and the y-axis top and bottom."
77,"(0.3, 0.1, 0.02)","(-0.15, 0.5, 0.02)","(-0.3, 0.23, 0.02)","(0.0, 0.5, 0.02)",Take the block that is coloured blue and place it at [0.15       0.23333333],1,0,,"(0.3, 0.1, 0.02)","(0.15, 0.23, 0.02)","(-0.3, 0.23, 0.02)","(0.0, 0.5, 0.02)",0.2,"*** Observation *** 
Here is the initial position of each block and the end effector: 
Red Cube: (0.3, 0.1)
Green Cube: (0.0, 0.5)
Blue Cube: (-0.15, 0.5)
Yellow Cube: (-0.3, 0.23)
End Effector: (0, 0.25)
Note - the arm itself is at 0,0. Assume that the x-axis determines left and right and the y-axis top and bottom."
78,"(0.15, 0.5, 0.02)","(0.0, 0.23, 0.02)","(0.0, 0.1, 0.02)","(0.3, 0.5, 0.02)",Take the block that is coloured yellow and place it at [-0.15        0.23333333],2,0,,"(0.15, 0.5, 0.02)","(0.0, 0.23, 0.02)","(-0.15, 0.23, 0.02)","(0.3, 0.5, 0.02)",0.15,"*** Observation *** 
Here is the initial position of each block and the end effector: 
Red Cube: (0.15, 0.5)
Green Cube: (0.3, 0.5)
Blue Cube: (0.0, 0.23)
Yellow Cube: (0.0, 0.1)
End Effector: (0, 0.25)
Note - the arm itself is at 0,0. Assume that the x-axis determines left and right and the y-axis top and bottom."
79,"(0.0, 0.1, 0.02)","(0.0, 0.23, 0.02)","(0.15, 0.1, 0.02)","(-0.3, 0.23, 0.02)",Take the block that is coloured blood-colored and place it at [0.3 0.5],0,0,,"(0.3, 0.5, 0.02)","(0.0, 0.23, 0.02)","(0.15, 0.1, 0.02)","(-0.3, 0.23, 0.02)",0.2,"*** Observation *** 
Here is the initial position of each block and the end effector: 
Red Cube: (0.0, 0.1)
Green Cube: (-0.3, 0.23)
Blue Cube: (0.0, 0.23)
Yellow Cube: (0.15, 0.1)
End Effector: (0, 0.25)
Note - the arm itself is at 0,0. Assume that the x-axis determines left and right and the y-axis top and bottom."
80,"(-0.3, 0.1, 0.02)","(-0.15, 0.23, 0.02)","(-0.3, 0.5, 0.02)","(0.3, 0.1, 0.02)","Take the block that is coloured green and place it between the blocks that are (0.15, 0.13333333333333333) from the red block and (-0.6, 0.0) from the green block",3,2,[1 0],"(-0.3, 0.1, 0.02)","(-0.15, 0.23, 0.02)","(-0.3, 0.5, 0.02)","(0.15, 0.37, 0.02)",0.2,"*** Observation *** 
Here is the initial position of each block and the end effector: 
Red Cube: (-0.3, 0.1)
Green Cube: (0.3, 0.1)
Blue Cube: (-0.15, 0.23)
Yellow Cube: (-0.3, 0.5)
End Effector: (0, 0.25)
Note - the arm itself is at 0,0. Assume that the x-axis determines left and right and the y-axis top and bottom."
81,"(0.3, 0.37, 0.02)","(0.15, 0.37, 0.02)","(0.15, 0.23, 0.02)","(-0.3, 0.5, 0.02)",Take the block that is coloured the nature-colored ball and place it -3 horizontally and -4 vertically relative to the block that is coloured sunflower-hued,3,1,2,"(0.3, 0.37, 0.02)","(0.15, 0.37, 0.02)","(0.15, 0.23, 0.02)","(-2.85, -3.77, 0.02)",0.14,"*** Observation *** 
Here is the initial position of each block and the end effector: 
Red Cube: (0.3, 0.37)
Green Cube: (-0.3, 0.5)
Blue Cube: (0.15, 0.37)
Yellow Cube: (0.15, 0.23)
End Effector: (0, 0.25)
Note - the arm itself is at 0,0. Assume that the x-axis determines left and right and the y-axis top and bottom."
82,"(0.0, 0.1, 0.02)","(0.3, 0.23, 0.02)","(0.15, 0.37, 0.02)","(0.3, 0.1, 0.02)","Take the block that is (0.15000000000000002, -0.13333333333333336) from the yellow block and place it between the blocks that are leftmost and highest",1,2,[0 2],"(0.0, 0.1, 0.02)","(-0.15, 0.37, 0.02)","(0.15, 0.37, 0.02)","(0.3, 0.1, 0.02)",0.3,"*** Observation *** 
Here is the initial position of each block and the end effector: 
Red Cube: (0.0, 0.1)
Green Cube: (0.3, 0.1)
Blue Cube: (0.3, 0.23)
Yellow Cube: (0.15, 0.37)
End Effector: (0, 0.25)
Note - the arm itself is at 0,0. Assume that the x-axis determines left and right and the y-axis top and bottom."
83,"(0.15, 0.5, 0.02)","(0.15, 0.23, 0.02)","(-0.15, 0.1, 0.02)","(-0.3, 0.5, 0.02)",Take the block that is coloured green and place it at [-0.15  0.5 ],3,0,,"(0.15, 0.5, 0.02)","(0.15, 0.23, 0.02)","(-0.15, 0.1, 0.02)","(-0.15, 0.5, 0.02)",0.27,"*** Observation *** 
Here is the initial position of each block and the end effector: 
Red Cube: (0.15, 0.5)
Green Cube: (-0.3, 0.5)
Blue Cube: (0.15, 0.23)
Yellow Cube: (-0.15, 0.1)
End Effector: (0, 0.25)
Note - the arm itself is at 0,0. Assume that the x-axis determines left and right and the y-axis top and bottom."
84,"(-0.3, 0.1, 0.02)","(0.15, 0.5, 0.02)","(0.15, 0.37, 0.02)","(-0.15, 0.23, 0.02)",Take the block that is coloured emerald and place it at [0.3 0.5],3,0,,"(-0.3, 0.1, 0.02)","(0.15, 0.5, 0.02)","(0.15, 0.37, 0.02)","(0.3, 0.5, 0.02)",0.13,"*** Observation *** 
Here is the initial position of each block and the end effector: 
Red Cube: (-0.3, 0.1)
Green Cube: (-0.15, 0.23)
Blue Cube: (0.15, 0.5)
Yellow Cube: (0.15, 0.37)
End Effector: (0, 0.25)
Note - the arm itself is at 0,0. Assume that the x-axis determines left and right and the y-axis top and bottom."
85,"(0.0, 0.5, 0.02)","(0.15, 0.5, 0.02)","(0.0, 0.1, 0.02)","(0.0, 0.37, 0.02)",Take the block that is coloured green and place it at [0.15 0.1 ],3,0,,"(0.0, 0.5, 0.02)","(0.15, 0.5, 0.02)","(0.0, 0.1, 0.02)","(0.15, 0.1, 0.02)",0.15,"*** Observation *** 
Here is the initial position of each block and the end effector: 
Red Cube: (0.0, 0.5)
Green Cube: (0.0, 0.37)
Blue Cube: (0.15, 0.5)
Yellow Cube: (0.0, 0.1)
End Effector: (0, 0.25)
Note - the arm itself is at 0,0. Assume that the x-axis determines left and right and the y-axis top and bottom."
86,"(-0.15, 0.1, 0.02)","(0.0, 0.37, 0.02)","(-0.3, 0.1, 0.02)","(-0.3, 0.37, 0.02)","Take the block that is (-0.3, 0.0) from the blue block and place it at [0.3 0.5]",3,0,,"(-0.15, 0.1, 0.02)","(0.0, 0.37, 0.02)","(-0.3, 0.1, 0.02)","(0.3, 0.5, 0.02)",0.15,"*** Observation *** 
Here is the initial position of each block and the end effector: 
Red Cube: (-0.15, 0.1)
Green Cube: (-0.3, 0.37)
Blue Cube: (0.0, 0.37)
Yellow Cube: (-0.3, 0.1)
End Effector: (0, 0.25)
Note - the arm itself is at 0,0. Assume that the x-axis determines left and right and the y-axis top and bottom."
87,"(0.3, 0.23, 0.02)","(0.0, 0.37, 0.02)","(-0.3, 0.23, 0.02)","(-0.15, 0.37, 0.02)",Take the block that is coloured like the sun and place it at [0.15       0.23333333],2,0,,"(0.3, 0.23, 0.02)","(0.0, 0.37, 0.02)","(0.15, 0.23, 0.02)","(-0.15, 0.37, 0.02)",0.15,"*** Observation *** 
Here is the initial position of each block and the end effector: 
Red Cube: (0.3, 0.23)
Green Cube: (-0.15, 0.37)
Blue Cube: (0.0, 0.37)
Yellow Cube: (-0.3, 0.23)
End Effector: (0, 0.25)
Note - the arm itself is at 0,0. Assume that the x-axis determines left and right and the y-axis top and bottom."
88,"(0.3, 0.23, 0.02)","(-0.3, 0.1, 0.02)","(-0.15, 0.23, 0.02)","(0.0, 0.37, 0.02)",Take the block that is coloured associated with war and place it at [0.3 0.1],0,0,,"(0.3, 0.1, 0.02)","(-0.3, 0.1, 0.02)","(-0.15, 0.23, 0.02)","(0.0, 0.37, 0.02)",0.2,"*** Observation *** 
Here is the initial position of each block and the end effector: 
Red Cube: (0.3, 0.23)
Green Cube: (0.0, 0.37)
Blue Cube: (-0.3, 0.1)
Yellow Cube: (-0.15, 0.23)
End Effector: (0, 0.25)
Note - the arm itself is at 0,0. Assume that the x-axis determines left and right and the y-axis top and bottom."
89,"(0.0, 0.23, 0.02)","(0.3, 0.23, 0.02)","(-0.15, 0.1, 0.02)","(-0.15, 0.37, 0.02)",Take the block that is coloured yellow and place it between the blocks that are coloured the colour of the US democratic party and highest,2,2,[1 3],"(0.0, 0.23, 0.02)","(0.3, 0.23, 0.02)","(0.3, 0.5, 0.02)","(-0.15, 0.37, 0.02)",0.21,"*** Observation *** 
Here is the initial position of each block and the end effector: 
Red Cube: (0.0, 0.23)
Green Cube: (-0.15, 0.37)
Blue Cube: (0.3, 0.23)
Yellow Cube: (-0.15, 0.1)
End Effector: (0, 0.25)
Note - the arm itself is at 0,0. Assume that the x-axis determines left and right and the y-axis top and bottom."
90,"(0.3, 0.23, 0.02)","(-0.3, 0.37, 0.02)","(-0.15, 0.5, 0.02)","(0.0, 0.5, 0.02)",Take the block that is coloured navy and place it 3 horizontally and 1 vertically relative to the block that is coloured the nature-colored ball,1,1,3,"(0.3, 0.23, 0.02)","(3.0, 1.5, 0.02)","(-0.15, 0.5, 0.02)","(0.0, 0.5, 0.02)",0.15,"*** Observation *** 
Here is the initial position of each block and the end effector: 
Red Cube: (0.3, 0.23)
Green Cube: (0.0, 0.5)
Blue Cube: (-0.3, 0.37)
Yellow Cube: (-0.15, 0.5)
End Effector: (0, 0.25)
Note - the arm itself is at 0,0. Assume that the x-axis determines left and right and the y-axis top and bottom."
91,"(-0.3, 0.5, 0.02)","(0.15, 0.37, 0.02)","(0.3, 0.23, 0.02)","(0.0, 0.37, 0.02)",Take the block that is leftmost and place it -3 horizontally and 2 vertically relative to the block that is coloured green,0,1,3,"(-3.0, 2.37, 0.02)","(0.15, 0.37, 0.02)","(0.3, 0.23, 0.02)","(0.0, 0.37, 0.02)",0.15,"*** Observation *** 
Here is the initial position of each block and the end effector: 
Red Cube: (-0.3, 0.5)
Green Cube: (0.0, 0.37)
Blue Cube: (0.15, 0.37)
Yellow Cube: (0.3, 0.23)
End Effector: (0, 0.25)
Note - the arm itself is at 0,0. Assume that the x-axis determines left and right and the y-axis top and bottom."
92,"(0.15, 0.37, 0.02)","(0.0, 0.37, 0.02)","(0.0, 0.1, 0.02)","(0.15, 0.5, 0.02)",Take the block that is coloured associated with war and place it -1 horizontally and -1 vertically relative to the block that is coloured jade,0,1,3,"(-0.85, -0.5, 0.02)","(0.0, 0.37, 0.02)","(0.0, 0.1, 0.02)","(0.15, 0.5, 0.02)",0.2,"*** Observation *** 
Here is the initial position of each block and the end effector: 
Red Cube: (0.15, 0.37)
Green Cube: (0.15, 0.5)
Blue Cube: (0.0, 0.37)
Yellow Cube: (0.0, 0.1)
End Effector: (0, 0.25)
Note - the arm itself is at 0,0. Assume that the x-axis determines left and right and the y-axis top and bottom."
93,"(0.0, 0.37, 0.02)","(0.3, 0.1, 0.02)","(0.15, 0.37, 0.02)","(-0.3, 0.1, 0.02)",Take the block that is coloured emerald and place it between the blocks that are rightmost and coloured red,3,2,[1 0],"(0.0, 0.37, 0.02)","(0.3, 0.1, 0.02)","(0.15, 0.37, 0.02)","(0.0, 0.1, 0.02)",0.15,"*** Observation *** 
Here is the initial position of each block and the end effector: 
Red Cube: (0.0, 0.37)
Green Cube: (-0.3, 0.1)
Blue Cube: (0.3, 0.1)
Yellow Cube: (0.15, 0.37)
End Effector: (0, 0.25)
Note - the arm itself is at 0,0. Assume that the x-axis determines left and right and the y-axis top and bottom."
94,"(0.3, 0.1, 0.02)","(0.0, 0.1, 0.02)","(0.3, 0.5, 0.02)","(0.0, 0.37, 0.02)","Take the block that is (0.3, 0.0) from the blue block and place it 3 horizontally and -3 vertically relative to the block that is coloured blue",0,1,1,"(3.0, -2.9, 0.02)","(0.0, 0.1, 0.02)","(0.3, 0.5, 0.02)","(0.0, 0.37, 0.02)",0.27,"*** Observation *** 
Here is the initial position of each block and the end effector: 
Red Cube: (0.3, 0.1)
Green Cube: (0.0, 0.37)
Blue Cube: (0.0, 0.1)
Yellow Cube: (0.3, 0.5)
End Effector: (0, 0.25)
Note - the arm itself is at 0,0. Assume that the x-axis determines left and right and the y-axis top and bottom."
95,"(0.3, 0.37, 0.02)","(-0.15, 0.23, 0.02)","(-0.15, 0.1, 0.02)","(0.15, 0.5, 0.02)",Take the block that is coloured yellow and place it at [0.         0.36666667],2,0,,"(0.3, 0.37, 0.02)","(-0.15, 0.23, 0.02)","(0.0, 0.37, 0.02)","(0.15, 0.5, 0.02)",0.2,"*** Observation *** 
Here is the initial position of each block and the end effector: 
Red Cube: (0.3, 0.37)
Green Cube: (0.15, 0.5)
Blue Cube: (-0.15, 0.23)
Yellow Cube: (-0.15, 0.1)
End Effector: (0, 0.25)
Note - the arm itself is at 0,0. Assume that the x-axis determines left and right and the y-axis top and bottom."
96,"(0.3, 0.5, 0.02)","(-0.3, 0.23, 0.02)","(0.15, 0.23, 0.02)","(0.3, 0.37, 0.02)",Take the block that is highest and place it at [0.3 0.1],0,0,,"(0.3, 0.1, 0.02)","(-0.3, 0.23, 0.02)","(0.15, 0.23, 0.02)","(0.3, 0.37, 0.02)",0.2,"*** Observation *** 
Here is the initial position of each block and the end effector: 
Red Cube: (0.3, 0.5)
Green Cube: (0.3, 0.37)
Blue Cube: (-0.3, 0.23)
Yellow Cube: (0.15, 0.23)
End Effector: (0, 0.25)
Note - the arm itself is at 0,0. Assume that the x-axis determines left and right and the y-axis top and bottom."
97,"(-0.15, 0.37, 0.02)","(0.0, 0.37, 0.02)","(0.3, 0.37, 0.02)","(0.15, 0.23, 0.02)",Take the block that is coloured blue and place it at [0.15 0.1 ],1,0,,"(-0.15, 0.37, 0.02)","(0.15, 0.1, 0.02)","(0.3, 0.37, 0.02)","(0.15, 0.23, 0.02)",0.13,"*** Observation *** 
Here is the initial position of each block and the end effector: 
Red Cube: (-0.15, 0.37)
Green Cube: (0.15, 0.23)
Blue Cube: (0.0, 0.37)
Yellow Cube: (0.3, 0.37)
End Effector: (0, 0.25)
Note - the arm itself is at 0,0. Assume that the x-axis determines left and right and the y-axis top and bottom."
98,"(-0.15, 0.23, 0.02)","(0.15, 0.23, 0.02)","(0.15, 0.1, 0.02)","(0.3, 0.1, 0.02)","Take the block that is (0.0, 0.13333333333333333) from the yellow block and place it at [-0.15        0.36666667]",1,0,,"(-0.15, 0.23, 0.02)","(-0.15, 0.37, 0.02)","(0.15, 0.1, 0.02)","(0.3, 0.1, 0.02)",0.14,"*** Observation *** 
Here is the initial position of each block and the end effector: 
Red Cube: (-0.15, 0.23)
Green Cube: (0.3, 0.1)
Blue Cube: (0.15, 0.23)
Yellow Cube: (0.15, 0.1)
End Effector: (0, 0.25)
Note - the arm itself is at 0,0. Assume that the x-axis determines left and right and the y-axis top and bottom."
99,"(0.0, 0.5, 0.02)","(0.3, 0.23, 0.02)","(0.3, 0.5, 0.02)","(0.15, 0.1, 0.02)",Take the block that is coloured yellow and place it at [-0.3  0.5],2,0,,"(0.0, 0.5, 0.02)","(0.3, 0.23, 0.02)","(-0.3, 0.5, 0.02)","(0.15, 0.1, 0.02)",0.2,"*** Observation *** 
Here is the initial position of each block and the end effector: 
Red Cube: (0.0, 0.5)
Green Cube: (0.15, 0.1)
Blue Cube: (0.3, 0.23)
Yellow Cube: (0.3, 0.5)
End Effector: (0, 0.25)
Note - the arm itself is at 0,0. Assume that the x-axis determines left and right and the y-axis top and bottom."
100,"(0.0, 0.23, 0.02)","(0.3, 0.5, 0.02)","(-0.15, 0.1, 0.02)","(-0.3, 0.23, 0.02)",Take the block that is coloured blue and place it at [0.15 0.1 ],1,0,,"(0.0, 0.23, 0.02)","(0.15, 0.1, 0.02)","(-0.15, 0.1, 0.02)","(-0.3, 0.23, 0.02)",0.2,"*** Observation *** 
Here is the initial position of each block and the end effector: 
Red Cube: (0.0, 0.23)
Green Cube: (-0.3, 0.23)
Blue Cube: (0.3, 0.5)
Yellow Cube: (-0.15, 0.1)
End Effector: (0, 0.25)
Note - the arm itself is at 0,0. Assume that the x-axis determines left and right and the y-axis top and bottom."
101,"(0.15, 0.5, 0.02)","(0.0, 0.23, 0.02)","(-0.15, 0.23, 0.02)","(0.0, 0.37, 0.02)",Take the block that is coloured frog-colored and place it -2 horizontally and -4 vertically relative to the block that is coloured yellow,3,1,2,"(0.15, 0.5, 0.02)","(0.0, 0.23, 0.02)","(-0.15, 0.23, 0.02)","(-2.15, -3.77, 0.02)",0.15,"*** Observation *** 
Here is the initial position of each block and the end effector: 
Red Cube: (0.15, 0.5)
Green Cube: (0.0, 0.37)
Blue Cube: (0.0, 0.23)
Yellow Cube: (-0.15, 0.23)
End Effector: (0, 0.25)
Note - the arm itself is at 0,0. Assume that the x-axis determines left and right and the y-axis top and bottom."
102,"(0.3, 0.37, 0.02)","(0.3, 0.1, 0.02)","(-0.3, 0.5, 0.02)","(-0.15, 0.5, 0.02)","Take the block that is (0.0, 0.2666666666666667) from the blue block and place it between the blocks that are coloured blue and coloured green",0,2,[1 3],"(0.08, 0.3, 0.02)","(0.3, 0.1, 0.02)","(-0.3, 0.5, 0.02)","(-0.15, 0.5, 0.02)",0.15,"*** Observation *** 
Here is the initial position of each block and the end effector: 
Red Cube: (0.3, 0.37)
Green Cube: (-0.15, 0.5)
Blue Cube: (0.3, 0.1)
Yellow Cube: (-0.3, 0.5)
End Effector: (0, 0.25)
Note - the arm itself is at 0,0. Assume that the x-axis determines left and right and the y-axis top and bottom."
103,"(0.15, 0.23, 0.02)","(-0.15, 0.23, 0.02)","(0.15, 0.1, 0.02)","(0.15, 0.37, 0.02)",Take the block that is coloured the royal one and place it at [-0.15  0.1 ],1,0,,"(0.15, 0.23, 0.02)","(-0.15, 0.1, 0.02)","(0.15, 0.1, 0.02)","(0.15, 0.37, 0.02)",0.13,"*** Observation *** 
Here is the initial position of each block and the end effector: 
Red Cube: (0.15, 0.23)
Green Cube: (0.15, 0.37)
Blue Cube: (-0.15, 0.23)
Yellow Cube: (0.15, 0.1)
End Effector: (0, 0.25)
Note - the arm itself is at 0,0. Assume that the x-axis determines left and right and the y-axis top and bottom."
104,"(0.0, 0.5, 0.02)","(0.0, 0.23, 0.02)","(-0.3, 0.5, 0.02)","(0.15, 0.1, 0.02)",Take the block that is coloured yellow and place it 2 horizontally and 3 vertically relative to the block that is coloured sky-colored,2,1,1,"(0.0, 0.5, 0.02)","(0.0, 0.23, 0.02)","(2.0, 3.23, 0.02)","(0.15, 0.1, 0.02)",0.2,"*** Observation *** 
Here is the initial position of each block and the end effector: 
Red Cube: (0.0, 0.5)
Green Cube: (0.15, 0.1)
Blue Cube: (0.0, 0.23)
Yellow Cube: (-0.3, 0.5)
End Effector: (0, 0.25)
Note - the arm itself is at 0,0. Assume that the x-axis determines left and right and the y-axis top and bottom."
105,"(0.3, 0.5, 0.02)","(0.15, 0.5, 0.02)","(-0.3, 0.23, 0.02)","(0.0, 0.23, 0.02)","Take the block that is leftmost and place it -3 horizontally and -1 vertically relative to the block that is (0.3, 0.0) from the yellow block",2,1,3,"(0.3, 0.5, 0.02)","(0.15, 0.5, 0.02)","(-3.0, -0.77, 0.02)","(0.0, 0.23, 0.02)",0.15,"*** Observation *** 
Here is the initial position of each block and the end effector: 
Red Cube: (0.3, 0.5)
Green Cube: (0.0, 0.23)
Blue Cube: (0.15, 0.5)
Yellow Cube: (-0.3, 0.23)
End Effector: (0, 0.25)
Note - the arm itself is at 0,0. Assume that the x-axis determines left and right and the y-axis top and bottom."
106,"(-0.3, 0.37, 0.02)","(0.0, 0.23, 0.02)","(-0.15, 0.5, 0.02)","(0.15, 0.1, 0.02)",Take the block that is rightmost and place it at [-0.15  0.1 ],3,0,,"(-0.3, 0.37, 0.02)","(0.0, 0.23, 0.02)","(-0.15, 0.5, 0.02)","(-0.15, 0.1, 0.02)",0.2,"*** Observation *** 
Here is the initial position of each block and the end effector: 
Red Cube: (-0.3, 0.37)
Green Cube: (0.15, 0.1)
Blue Cube: (0.0, 0.23)
Yellow Cube: (-0.15, 0.5)
End Effector: (0, 0.25)
Note - the arm itself is at 0,0. Assume that the x-axis determines left and right and the y-axis top and bottom."
107,"(0.3, 0.5, 0.02)","(0.15, 0.1, 0.02)","(-0.3, 0.37, 0.02)","(0.15, 0.23, 0.02)",Take the block that is coloured yellow and place it -3 horizontally and -1 vertically relative to the block that is coloured blue,2,1,1,"(0.3, 0.5, 0.02)","(0.15, 0.1, 0.02)","(-2.85, -0.9, 0.02)","(0.15, 0.23, 0.02)",0.13,"*** Observation *** 
Here is the initial position of each block and the end effector: 
Red Cube: (0.3, 0.5)
Green Cube: (0.15, 0.23)
Blue Cube: (0.15, 0.1)
Yellow Cube: (-0.3, 0.37)
End Effector: (0, 0.25)
Note - the arm itself is at 0,0. Assume that the x-axis determines left and right and the y-axis top and bottom."
108,"(0.0, 0.23, 0.02)","(-0.3, 0.23, 0.02)","(0.0, 0.5, 0.02)","(-0.15, 0.5, 0.02)",Take the block that is coloured like a fireball and place it at [0.3 0.1],0,0,,"(0.3, 0.1, 0.02)","(-0.3, 0.23, 0.02)","(0.0, 0.5, 0.02)","(-0.15, 0.5, 0.02)",0.15,"*** Observation *** 
Here is the initial position of each block and the end effector: 
Red Cube: (0.0, 0.23)
Green Cube: (-0.15, 0.5)
Blue Cube: (-0.3, 0.23)
Yellow Cube: (0.0, 0.5)
End Effector: (0, 0.25)
Note - the arm itself is at 0,0. Assume that the x-axis determines left and right and the y-axis top and bottom."
109,"(-0.3, 0.23, 0.02)","(0.0, 0.23, 0.02)","(-0.3, 0.1, 0.02)","(0.3, 0.37, 0.02)",Take the block that is coloured lemon and place it at [-0.15        0.23333333],2,0,,"(-0.3, 0.23, 0.02)","(0.0, 0.23, 0.02)","(-0.15, 0.23, 0.02)","(0.3, 0.37, 0.02)",0.15,"*** Observation *** 
Here is the initial position of each block and the end effector: 
Red Cube: (-0.3, 0.23)
Green Cube: (0.3, 0.37)
Blue Cube: (0.0, 0.23)
Yellow Cube: (-0.3, 0.1)
End Effector: (0, 0.25)
Note - the arm itself is at 0,0. Assume that the x-axis determines left and right and the y-axis top and bottom."
110,"(0.3, 0.23, 0.02)","(0.0, 0.5, 0.02)","(-0.15, 0.37, 0.02)","(-0.15, 0.1, 0.02)",Take the block that is coloured green and place it between the blocks that are coloured blue and coloured red,3,2,[1 0],"(0.3, 0.23, 0.02)","(0.0, 0.5, 0.02)","(-0.15, 0.37, 0.02)","(0.15, 0.37, 0.02)",0.2,"*** Observation *** 
Here is the initial position of each block and the end effector: 
Red Cube: (0.3, 0.23)
Green Cube: (-0.15, 0.1)
Blue Cube: (0.0, 0.5)
Yellow Cube: (-0.15, 0.37)
End Effector: (0, 0.25)
Note - the arm itself is at 0,0. Assume that the x-axis determines left and right and the y-axis top and bottom."
111,"(0.0, 0.23, 0.02)","(0.15, 0.5, 0.02)","(-0.3, 0.37, 0.02)","(0.3, 0.5, 0.02)",Take the block that is coloured iceberg-colored and place it at [-0.15        0.36666667],1,0,,"(0.0, 0.23, 0.02)","(-0.15, 0.37, 0.02)","(-0.3, 0.37, 0.02)","(0.3, 0.5, 0.02)",0.15,"*** Observation *** 
Here is the initial position of each block and the end effector: 
Red Cube: (0.0, 0.23)
Green Cube: (0.3, 0.5)
Blue Cube: (0.15, 0.5)
Yellow Cube: (-0.3, 0.37)
End Effector: (0, 0.25)
Note - the arm itself is at 0,0. Assume that the x-axis determines left and right and the y-axis top and bottom."
112,"(-0.15, 0.5, 0.02)","(0.15, 0.23, 0.02)","(0.0, 0.37, 0.02)","(0.15, 0.1, 0.02)",Take the block that is coloured frog-colored and place it at [0.15       0.36666667],3,0,,"(-0.15, 0.5, 0.02)","(0.15, 0.23, 0.02)","(0.0, 0.37, 0.02)","(0.15, 0.37, 0.02)",0.14,"*** Observation *** 
Here is the initial position of each block and the end effector: 
Red Cube: (-0.15, 0.5)
Green Cube: (0.15, 0.1)
Blue Cube: (0.15, 0.23)
Yellow Cube: (0.0, 0.37)
End Effector: (0, 0.25)
Note - the arm itself is at 0,0. Assume that the x-axis determines left and right and the y-axis top and bottom."
113,"(-0.15, 0.5, 0.02)","(0.15, 0.23, 0.02)","(0.3, 0.23, 0.02)","(0.3, 0.37, 0.02)",Take the block that is coloured like a cowards belly and place it at [0.15       0.36666667],2,0,,"(-0.15, 0.5, 0.02)","(0.15, 0.23, 0.02)","(0.15, 0.37, 0.02)","(0.3, 0.37, 0.02)",0.14,"*** Observation *** 
Here is the initial position of each block and the end effector: 
Red Cube: (-0.15, 0.5)
Green Cube: (0.3, 0.37)
Blue Cube: (0.15, 0.23)
Yellow Cube: (0.3, 0.23)
End Effector: (0, 0.25)
Note - the arm itself is at 0,0. Assume that the x-axis determines left and right and the y-axis top and bottom."
114,"(0.0, 0.37, 0.02)","(0.15, 0.5, 0.02)","(0.0, 0.1, 0.02)","(-0.15, 0.5, 0.02)","Take the block that is (-0.14999999999999997, -0.1333333333333333) from the blue block and place it at [-0.15        0.23333333]",0,0,,"(-0.15, 0.23, 0.02)","(0.15, 0.5, 0.02)","(0.0, 0.1, 0.02)","(-0.15, 0.5, 0.02)",0.2,"*** Observation *** 
Here is the initial position of each block and the end effector: 
Red Cube: (0.0, 0.37)
Green Cube: (-0.15, 0.5)
Blue Cube: (0.15, 0.5)
Yellow Cube: (0.0, 0.1)
End Effector: (0, 0.25)
Note - the arm itself is at 0,0. Assume that the x-axis determines left and right and the y-axis top and bottom."
115,"(-0.15, 0.5, 0.02)","(-0.3, 0.1, 0.02)","(0.0, 0.23, 0.02)","(0.3, 0.5, 0.02)",Take the block that is coloured blue and place it at [-0.3         0.36666667],1,0,,"(-0.15, 0.5, 0.02)","(-0.3, 0.37, 0.02)","(0.0, 0.23, 0.02)","(0.3, 0.5, 0.02)",0.2,"*** Observation *** 
Here is the initial position of each block and the end effector: 
Red Cube: (-0.15, 0.5)
Green Cube: (0.3, 0.5)
Blue Cube: (-0.3, 0.1)
Yellow Cube: (0.0, 0.23)
End Effector: (0, 0.25)
Note - the arm itself is at 0,0. Assume that the x-axis determines left and right and the y-axis top and bottom."
116,"(0.3, 0.37, 0.02)","(0.0, 0.37, 0.02)","(-0.3, 0.37, 0.02)","(-0.15, 0.5, 0.02)",Take the block that is coloured yellow and place it 3 horizontally and -3 vertically relative to the block that is highest,2,1,3,"(0.3, 0.37, 0.02)","(0.0, 0.37, 0.02)","(2.85, -2.5, 0.02)","(-0.15, 0.5, 0.02)",0.2,"*** Observation *** 
Here is the initial position of each block and the end effector: 
Red Cube: (0.3, 0.37)
Green Cube: (-0.15, 0.5)
Blue Cube: (0.0, 0.37)
Yellow Cube: (-0.3, 0.37)
End Effector: (0, 0.25)
Note - the arm itself is at 0,0. Assume that the x-axis determines left and right and the y-axis top and bottom."
117,"(-0.15, 0.1, 0.02)","(0.3, 0.5, 0.02)","(0.0, 0.5, 0.02)","(0.3, 0.37, 0.02)",Take the block that is coloured blood-colored and place it -2 horizontally and -1 vertically relative to the block that is coloured green,0,1,3,"(-1.7, -0.63, 0.02)","(0.3, 0.5, 0.02)","(0.0, 0.5, 0.02)","(0.3, 0.37, 0.02)",0.13,"*** Observation *** 
Here is the initial position of each block and the end effector: 
Red Cube: (-0.15, 0.1)
Green Cube: (0.3, 0.37)
Blue Cube: (0.3, 0.5)
Yellow Cube: (0.0, 0.5)
End Effector: (0, 0.25)
Note - the arm itself is at 0,0. Assume that the x-axis determines left and right and the y-axis top and bottom."
118,"(-0.15, 0.1, 0.02)","(0.3, 0.23, 0.02)","(0.0, 0.5, 0.02)","(-0.3, 0.37, 0.02)",Take the block that is coloured blue and place it between the blocks that are coloured used to signal 'hot' and coloured the color of warning signs,1,2,[0 2],"(-0.15, 0.1, 0.02)","(0.15, 0.23, 0.02)","(0.0, 0.5, 0.02)","(-0.3, 0.37, 0.02)",0.31,"*** Observation *** 
Here is the initial position of each block and the end effector: 
Red Cube: (-0.15, 0.1)
Green Cube: (-0.3, 0.37)
Blue Cube: (0.3, 0.23)
Yellow Cube: (0.0, 0.5)
End Effector: (0, 0.25)
Note - the arm itself is at 0,0. Assume that the x-axis determines left and right and the y-axis top and bottom."
119,"(-0.3, 0.23, 0.02)","(0.3, 0.23, 0.02)","(-0.15, 0.37, 0.02)","(0.0, 0.37, 0.02)",Take the block that is rightmost and place it between the blocks that are coloured red and coloured banana-colored,1,2,[0 2],"(-0.3, 0.23, 0.02)","(0.15, 0.23, 0.02)","(-0.15, 0.37, 0.02)","(0.0, 0.37, 0.02)",0.15,"*** Observation *** 
Here is the initial position of each block and the end effector: 
Red Cube: (-0.3, 0.23)
Green Cube: (0.0, 0.37)
Blue Cube: (0.3, 0.23)
Yellow Cube: (-0.15, 0.37)
End Effector: (0, 0.25)
Note - the arm itself is at 0,0. Assume that the x-axis determines left and right and the y-axis top and bottom."
120,"(-0.15, 0.37, 0.02)","(-0.15, 0.1, 0.02)","(-0.3, 0.37, 0.02)","(0.3, 0.1, 0.02)","Take the block that is rightmost and place it 1 horizontally and -1 vertically relative to the block that is (0.0, 0.2666666666666667) from the blue block",3,1,0,"(-0.15, 0.37, 0.02)","(-0.15, 0.1, 0.02)","(-0.3, 0.37, 0.02)","(0.85, -0.63, 0.02)",0.15,"*** Observation *** 
Here is the initial position of each block and the end effector: 
Red Cube: (-0.15, 0.37)
Green Cube: (0.3, 0.1)
Blue Cube: (-0.15, 0.1)
Yellow Cube: (-0.3, 0.37)
End Effector: (0, 0.25)
Note - the arm itself is at 0,0. Assume that the x-axis determines left and right and the y-axis top and bottom."
121,"(0.3, 0.5, 0.02)","(0.3, 0.37, 0.02)","(-0.15, 0.5, 0.02)","(0.0, 0.1, 0.02)",Take the block that is coloured jade and place it at [0.         0.36666667],3,0,,"(0.3, 0.5, 0.02)","(0.3, 0.37, 0.02)","(-0.15, 0.5, 0.02)","(0.0, 0.37, 0.02)",0.13,"*** Observation *** 
Here is the initial position of each block and the end effector: 
Red Cube: (0.3, 0.5)
Green Cube: (0.0, 0.1)
Blue Cube: (0.3, 0.37)
Yellow Cube: (-0.15, 0.5)
End Effector: (0, 0.25)
Note - the arm itself is at 0,0. Assume that the x-axis determines left and right and the y-axis top and bottom."
122,"(0.15, 0.23, 0.02)","(-0.3, 0.1, 0.02)","(-0.3, 0.37, 0.02)","(-0.15, 0.5, 0.02)",Take the block that is coloured matches stop signs and place it -1 horizontally and 3 vertically relative to the block that is coloured ocean ball,0,1,1,"(-1.3, 3.1, 0.02)","(-0.3, 0.1, 0.02)","(-0.3, 0.37, 0.02)","(-0.15, 0.5, 0.02)",0.2,"*** Observation *** 
Here is the initial position of each block and the end effector: 
Red Cube: (0.15, 0.23)
Green Cube: (-0.15, 0.5)
Blue Cube: (-0.3, 0.1)
Yellow Cube: (-0.3, 0.37)
End Effector: (0, 0.25)
Note - the arm itself is at 0,0. Assume that the x-axis determines left and right and the y-axis top and bottom."
123,"(-0.3, 0.37, 0.02)","(-0.3, 0.5, 0.02)","(0.0, 0.1, 0.02)","(-0.3, 0.1, 0.02)",Take the block that is rightmost and place it at [0.         0.23333333],2,0,,"(-0.3, 0.37, 0.02)","(-0.3, 0.5, 0.02)","(0.0, 0.23, 0.02)","(-0.3, 0.1, 0.02)",0.13,"*** Observation *** 
Here is the initial position of each block and the end effector: 
Red Cube: (-0.3, 0.37)
Green Cube: (-0.3, 0.1)
Blue Cube: (-0.3, 0.5)
Yellow Cube: (0.0, 0.1)
End Effector: (0, 0.25)
Note - the arm itself is at 0,0. Assume that the x-axis determines left and right and the y-axis top and bottom."
124,"(0.3, 0.5, 0.02)","(0.15, 0.5, 0.02)","(-0.15, 0.1, 0.02)","(-0.3, 0.5, 0.02)",Take the block that is coloured green and place it at [-0.3         0.23333333],3,0,,"(0.3, 0.5, 0.02)","(0.15, 0.5, 0.02)","(-0.15, 0.1, 0.02)","(-0.3, 0.23, 0.02)",0.15,"*** Observation *** 
Here is the initial position of each block and the end effector: 
Red Cube: (0.3, 0.5)
Green Cube: (-0.3, 0.5)
Blue Cube: (0.15, 0.5)
Yellow Cube: (-0.15, 0.1)
End Effector: (0, 0.25)
Note - the arm itself is at 0,0. Assume that the x-axis determines left and right and the y-axis top and bottom."
125,"(0.3, 0.37, 0.02)","(0.15, 0.5, 0.02)","(-0.3, 0.23, 0.02)","(-0.3, 0.5, 0.02)",Take the block that is coloured yellow and place it -3 horizontally and -2 vertically relative to the block that is coloured mint,2,1,3,"(0.3, 0.37, 0.02)","(0.15, 0.5, 0.02)","(-3.3, -1.5, 0.02)","(-0.3, 0.5, 0.02)",0.2,"*** Observation *** 
Here is the initial position of each block and the end effector: 
Red Cube: (0.3, 0.37)
Green Cube: (-0.3, 0.5)
Blue Cube: (0.15, 0.5)
Yellow Cube: (-0.3, 0.23)
End Effector: (0, 0.25)
Note - the arm itself is at 0,0. Assume that the x-axis determines left and right and the y-axis top and bottom."
126,"(0.15, 0.23, 0.02)","(-0.3, 0.23, 0.02)","(0.3, 0.1, 0.02)","(0.3, 0.37, 0.02)","Take the block that is coloured green and place it 2 horizontally and -3 vertically relative to the block that is (-0.15000000000000002, -0.13333333333333336) from the green block",3,1,0,"(0.15, 0.23, 0.02)","(-0.3, 0.23, 0.02)","(0.3, 0.1, 0.02)","(2.15, -2.77, 0.02)",0.2,"*** Observation *** 
Here is the initial position of each block and the end effector: 
Red Cube: (0.15, 0.23)
Green Cube: (0.3, 0.37)
Blue Cube: (-0.3, 0.23)
Yellow Cube: (0.3, 0.1)
End Effector: (0, 0.25)
Note - the arm itself is at 0,0. Assume that the x-axis determines left and right and the y-axis top and bottom."
127,"(0.3, 0.1, 0.02)","(0.15, 0.5, 0.02)","(0.15, 0.37, 0.02)","(0.3, 0.23, 0.02)",Take the block that is coloured yellow and place it at [-0.15  0.1 ],2,0,,"(0.3, 0.1, 0.02)","(0.15, 0.5, 0.02)","(-0.15, 0.1, 0.02)","(0.3, 0.23, 0.02)",0.13,"*** Observation *** 
Here is the initial position of each block and the end effector: 
Red Cube: (0.3, 0.1)
Green Cube: (0.3, 0.23)
Blue Cube: (0.15, 0.5)
Yellow Cube: (0.15, 0.37)
End Effector: (0, 0.25)
Note - the arm itself is at 0,0. Assume that the x-axis determines left and right and the y-axis top and bottom."
128,"(0.3, 0.5, 0.02)","(0.3, 0.23, 0.02)","(-0.3, 0.1, 0.02)","(-0.15, 0.37, 0.02)","Take the block that is (0.44999999999999996, -0.13333333333333336) from the green block and place it between the blocks that are (-0.44999999999999996, -0.1333333333333333) from the red block and highest",1,2,[3 0],"(0.3, 0.5, 0.02)","(0.08, 0.43, 0.02)","(-0.3, 0.1, 0.02)","(-0.15, 0.37, 0.02)",0.23,"*** Observation *** 
Here is the initial position of each block and the end effector: 
Red Cube: (0.3, 0.5)
Green Cube: (-0.15, 0.37)
Blue Cube: (0.3, 0.23)
Yellow Cube: (-0.3, 0.1)
End Effector: (0, 0.25)
Note - the arm itself is at 0,0. Assume that the x-axis determines left and right and the y-axis top and bottom."
129,"(0.3, 0.37, 0.02)","(0.0, 0.1, 0.02)","(0.0, 0.23, 0.02)","(0.3, 0.23, 0.02)",Take the block that is coloured like a cowards belly and place it -4 horizontally and -1 vertically relative to the block that is coloured red,2,1,0,"(0.3, 0.37, 0.02)","(0.0, 0.1, 0.02)","(-3.7, -0.63, 0.02)","(0.3, 0.23, 0.02)",0.14,"*** Observation *** 
Here is the initial position of each block and the end effector: 
Red Cube: (0.3, 0.37)
Green Cube: (0.3, 0.23)
Blue Cube: (0.0, 0.1)
Yellow Cube: (0.0, 0.23)
End Effector: (0, 0.25)
Note - the arm itself is at 0,0. Assume that the x-axis determines left and right and the y-axis top and bottom."
130,"(0.3, 0.23, 0.02)","(0.0, 0.5, 0.02)","(0.3, 0.1, 0.02)","(-0.3, 0.1, 0.02)",Take the block that is highest and place it between the blocks that are coloured red and leftmost,1,2,[0 3],"(0.3, 0.23, 0.02)","(0.0, 0.17, 0.02)","(0.3, 0.1, 0.02)","(-0.3, 0.1, 0.02)",0.13,"*** Observation *** 
Here is the initial position of each block and the end effector: 
Red Cube: (0.3, 0.23)
Green Cube: (-0.3, 0.1)
Blue Cube: (0.0, 0.5)
Yellow Cube: (0.3, 0.1)
End Effector: (0, 0.25)
Note - the arm itself is at 0,0. Assume that the x-axis determines left and right and the y-axis top and bottom."
131,"(0.3, 0.37, 0.02)","(0.0, 0.23, 0.02)","(0.3, 0.23, 0.02)","(-0.15, 0.37, 0.02)",Take the block that is coloured blue and place it at [-0.3         0.36666667],1,0,,"(0.3, 0.37, 0.02)","(-0.3, 0.37, 0.02)","(0.3, 0.23, 0.02)","(-0.15, 0.37, 0.02)",0.14,"*** Observation *** 
Here is the initial position of each block and the end effector: 
Red Cube: (0.3, 0.37)
Green Cube: (-0.15, 0.37)
Blue Cube: (0.0, 0.23)
Yellow Cube: (0.3, 0.23)
End Effector: (0, 0.25)
Note - the arm itself is at 0,0. Assume that the x-axis determines left and right and the y-axis top and bottom."
132,"(-0.3, 0.5, 0.02)","(0.3, 0.37, 0.02)","(0.15, 0.5, 0.02)","(0.15, 0.37, 0.02)",Take the block that is coloured blue and place it at [-0.15  0.5 ],1,0,,"(-0.3, 0.5, 0.02)","(-0.15, 0.5, 0.02)","(0.15, 0.5, 0.02)","(0.15, 0.37, 0.02)",0.13,"*** Observation *** 
Here is the initial position of each block and the end effector: 
Red Cube: (-0.3, 0.5)
Green Cube: (0.15, 0.37)
Blue Cube: (0.3, 0.37)
Yellow Cube: (0.15, 0.5)
End Effector: (0, 0.25)
Note - the arm itself is at 0,0. Assume that the x-axis determines left and right and the y-axis top and bottom."
133,"(0.15, 0.23, 0.02)","(0.15, 0.37, 0.02)","(-0.15, 0.23, 0.02)","(0.0, 0.37, 0.02)","Take the block that is (-0.14999999999999997, 0.13333333333333336) from the red block and place it -1 horizontally and -4 vertically relative to the block that is (0.0, -0.13333333333333336) from the blue block",3,1,0,"(0.15, 0.23, 0.02)","(0.15, 0.37, 0.02)","(-0.15, 0.23, 0.02)","(-0.85, -3.77, 0.02)",0.14,"*** Observation *** 
Here is the initial position of each block and the end effector: 
Red Cube: (0.15, 0.23)
Green Cube: (0.0, 0.37)
Blue Cube: (0.15, 0.37)
Yellow Cube: (-0.15, 0.23)
End Effector: (0, 0.25)
Note - the arm itself is at 0,0. Assume that the x-axis determines left and right and the y-axis top and bottom."
134,"(-0.15, 0.5, 0.02)","(0.0, 0.1, 0.02)","(0.0, 0.5, 0.02)","(-0.3, 0.5, 0.02)",Take the block that is leftmost and place it at [-0.3  0.1],3,0,,"(-0.15, 0.5, 0.02)","(0.0, 0.1, 0.02)","(0.0, 0.5, 0.02)","(-0.3, 0.1, 0.02)",0.15,"*** Observation *** 
Here is the initial position of each block and the end effector: 
Red Cube: (-0.15, 0.5)
Green Cube: (-0.3, 0.5)
Blue Cube: (0.0, 0.1)
Yellow Cube: (0.0, 0.5)
End Effector: (0, 0.25)
Note - the arm itself is at 0,0. Assume that the x-axis determines left and right and the y-axis top and bottom."
135,"(0.0, 0.37, 0.02)","(0.0, 0.1, 0.02)","(0.15, 0.1, 0.02)","(-0.3, 0.37, 0.02)",Take the block that is coloured red and place it at [0.  0.5],0,0,,"(0.0, 0.5, 0.02)","(0.0, 0.1, 0.02)","(0.15, 0.1, 0.02)","(-0.3, 0.37, 0.02)",0.15,"*** Observation *** 
Here is the initial position of each block and the end effector: 
Red Cube: (0.0, 0.37)
Green Cube: (-0.3, 0.37)
Blue Cube: (0.0, 0.1)
Yellow Cube: (0.15, 0.1)
End Effector: (0, 0.25)
Note - the arm itself is at 0,0. Assume that the x-axis determines left and right and the y-axis top and bottom."
136,"(0.3, 0.37, 0.02)","(0.0, 0.1, 0.02)","(0.15, 0.37, 0.02)","(0.15, 0.5, 0.02)",Take the block that is leftmost and place it at [0.  0.5],1,0,,"(0.3, 0.37, 0.02)","(0.0, 0.5, 0.02)","(0.15, 0.37, 0.02)","(0.15, 0.5, 0.02)",0.13,"*** Observation *** 
Here is the initial position of each block and the end effector: 
Red Cube: (0.3, 0.37)
Green Cube: (0.15, 0.5)
Blue Cube: (0.0, 0.1)
Yellow Cube: (0.15, 0.37)
End Effector: (0, 0.25)
Note - the arm itself is at 0,0. Assume that the x-axis determines left and right and the y-axis top and bottom."
137,"(0.3, 0.1, 0.02)","(0.15, 0.37, 0.02)","(-0.15, 0.1, 0.02)","(-0.3, 0.1, 0.02)",Take the block that is coloured yellow and place it 1 horizontally and -3 vertically relative to the block that is rightmost,2,1,0,"(0.3, 0.1, 0.02)","(0.15, 0.37, 0.02)","(1.3, -2.9, 0.02)","(-0.3, 0.1, 0.02)",0.31,"*** Observation *** 
Here is the initial position of each block and the end effector: 
Red Cube: (0.3, 0.1)
Green Cube: (-0.3, 0.1)
Blue Cube: (0.15, 0.37)
Yellow Cube: (-0.15, 0.1)
End Effector: (0, 0.25)
Note - the arm itself is at 0,0. Assume that the x-axis determines left and right and the y-axis top and bottom."
138,"(0.15, 0.37, 0.02)","(0.15, 0.23, 0.02)","(-0.3, 0.37, 0.02)","(0.3, 0.5, 0.02)",Take the block that is coloured banana-colored and place it between the blocks that are coloured red and coloured the color of money,2,2,[0 3],"(0.15, 0.37, 0.02)","(0.15, 0.23, 0.02)","(0.0, 0.5, 0.02)","(0.3, 0.5, 0.02)",0.14,"*** Observation *** 
Here is the initial position of each block and the end effector: 
Red Cube: (0.15, 0.37)
Green Cube: (0.3, 0.5)
Blue Cube: (0.15, 0.23)
Yellow Cube: (-0.3, 0.37)
End Effector: (0, 0.25)
Note - the arm itself is at 0,0. Assume that the x-axis determines left and right and the y-axis top and bottom."
139,"(-0.15, 0.37, 0.02)","(-0.3, 0.37, 0.02)","(-0.15, 0.1, 0.02)","(0.0, 0.23, 0.02)",Take the block that is coloured red and place it at [0.15 0.1 ],0,0,,"(0.15, 0.1, 0.02)","(-0.3, 0.37, 0.02)","(-0.15, 0.1, 0.02)","(0.0, 0.23, 0.02)",0.2,"*** Observation *** 
Here is the initial position of each block and the end effector: 
Red Cube: (-0.15, 0.37)
Green Cube: (0.0, 0.23)
Blue Cube: (-0.3, 0.37)
Yellow Cube: (-0.15, 0.1)
End Effector: (0, 0.25)
Note - the arm itself is at 0,0. Assume that the x-axis determines left and right and the y-axis top and bottom."
140,"(0.0, 0.37, 0.02)","(0.0, 0.23, 0.02)","(0.15, 0.1, 0.02)","(0.15, 0.23, 0.02)",Take the block that is coloured frog-colored and place it 2 horizontally and -2 vertically relative to the block that is lowest,3,1,2,"(0.0, 0.37, 0.02)","(0.0, 0.23, 0.02)","(0.15, 0.1, 0.02)","(2.15, -1.9, 0.02)",0.14,"*** Observation *** 
Here is the initial position of each block and the end effector: 
Red Cube: (0.0, 0.37)
Green Cube: (0.15, 0.23)
Blue Cube: (0.0, 0.23)
Yellow Cube: (0.15, 0.1)
End Effector: (0, 0.25)
Note - the arm itself is at 0,0. Assume that the x-axis determines left and right and the y-axis top and bottom."
141,"(0.3, 0.5, 0.02)","(0.0, 0.37, 0.02)","(0.3, 0.37, 0.02)","(0.0, 0.23, 0.02)",Take the block that is coloured the color of money and place it at [-0.3  0.1],3,0,,"(0.3, 0.5, 0.02)","(0.0, 0.37, 0.02)","(0.3, 0.37, 0.02)","(-0.3, 0.1, 0.02)",0.13,"*** Observation *** 
Here is the initial position of each block and the end effector: 
Red Cube: (0.3, 0.5)
Green Cube: (0.0, 0.23)
Blue Cube: (0.0, 0.37)
Yellow Cube: (0.3, 0.37)
End Effector: (0, 0.25)
Note - the arm itself is at 0,0. Assume that the x-axis determines left and right and the y-axis top and bottom."
142,"(-0.15, 0.1, 0.02)","(0.0, 0.1, 0.02)","(0.15, 0.37, 0.02)","(0.15, 0.5, 0.02)",Take the block that is coloured green and place it at [0.  0.5],3,0,,"(-0.15, 0.1, 0.02)","(0.0, 0.1, 0.02)","(0.15, 0.37, 0.02)","(0.0, 0.5, 0.02)",0.15,"*** Observation *** 
Here is the initial position of each block and the end effector: 
Red Cube: (-0.15, 0.1)
Green Cube: (0.15, 0.5)
Blue Cube: (0.0, 0.1)
Yellow Cube: (0.15, 0.37)
End Effector: (0, 0.25)
Note - the arm itself is at 0,0. Assume that the x-axis determines left and right and the y-axis top and bottom."
143,"(-0.15, 0.5, 0.02)","(-0.15, 0.23, 0.02)","(0.3, 0.37, 0.02)","(0.15, 0.1, 0.02)",Take the block that is rightmost and place it at [0.         0.23333333],2,0,,"(-0.15, 0.5, 0.02)","(-0.15, 0.23, 0.02)","(0.0, 0.23, 0.02)","(0.15, 0.1, 0.02)",0.15,"*** Observation *** 
Here is the initial position of each block and the end effector: 
Red Cube: (-0.15, 0.5)
Green Cube: (0.15, 0.1)
Blue Cube: (-0.15, 0.23)
Yellow Cube: (0.3, 0.37)
End Effector: (0, 0.25)
Note - the arm itself is at 0,0. Assume that the x-axis determines left and right and the y-axis top and bottom."
144,"(-0.3, 0.1, 0.02)","(0.3, 0.5, 0.02)","(0.15, 0.1, 0.02)","(-0.15, 0.23, 0.02)","Take the block that is (-0.29999999999999993, 0.13333333333333333) from the yellow block and place it at [0.  0.5]",3,0,,"(-0.3, 0.1, 0.02)","(0.3, 0.5, 0.02)","(0.15, 0.1, 0.02)","(0.0, 0.5, 0.02)",0.3,"*** Observation *** 
Here is the initial position of each block and the end effector: 
Red Cube: (-0.3, 0.1)
Green Cube: (-0.15, 0.23)
Blue Cube: (0.3, 0.5)
Yellow Cube: (0.15, 0.1)
End Effector: (0, 0.25)
Note - the arm itself is at 0,0. Assume that the x-axis determines left and right and the y-axis top and bottom."
145,"(0.3, 0.23, 0.02)","(0.15, 0.23, 0.02)","(0.3, 0.5, 0.02)","(-0.15, 0.37, 0.02)",Take the block that is coloured blue and place it at [-0.3         0.36666667],1,0,,"(0.3, 0.23, 0.02)","(-0.3, 0.37, 0.02)","(0.3, 0.5, 0.02)","(-0.15, 0.37, 0.02)",0.15,"*** Observation *** 
Here is the initial position of each block and the end effector: 
Red Cube: (0.3, 0.23)
Green Cube: (-0.15, 0.37)
Blue Cube: (0.15, 0.23)
Yellow Cube: (0.3, 0.5)
End Effector: (0, 0.25)
Note - the arm itself is at 0,0. Assume that the x-axis determines left and right and the y-axis top and bottom."
146,"(0.15, 0.23, 0.02)","(0.0, 0.23, 0.02)","(0.0, 0.1, 0.02)","(-0.3, 0.1, 0.02)",Take the block that is coloured the royal one and place it between the blocks that are leftmost and coloured lemon,1,2,[3 2],"(0.15, 0.23, 0.02)","(0.15, 0.5, 0.02)","(0.0, 0.1, 0.02)","(-0.3, 0.1, 0.02)",0.2,"*** Observation *** 
Here is the initial position of each block and the end effector: 
Red Cube: (0.15, 0.23)
Green Cube: (-0.3, 0.1)
Blue Cube: (0.0, 0.23)
Yellow Cube: (0.0, 0.1)
End Effector: (0, 0.25)
Note - the arm itself is at 0,0. Assume that the x-axis determines left and right and the y-axis top and bottom."
147,"(0.3, 0.1, 0.02)","(0.0, 0.1, 0.02)","(-0.3, 0.23, 0.02)","(-0.15, 0.23, 0.02)",Take the block that is coloured yellow and place it 2 horizontally and -3 vertically relative to the block that is coloured blue,2,1,1,"(0.3, 0.1, 0.02)","(0.0, 0.1, 0.02)","(2.0, -2.9, 0.02)","(-0.15, 0.23, 0.02)",0.2,"*** Observation *** 
Here is the initial position of each block and the end effector: 
Red Cube: (0.3, 0.1)
Green Cube: (-0.15, 0.23)
Blue Cube: (0.0, 0.1)
Yellow Cube: (-0.3, 0.23)
End Effector: (0, 0.25)
Note - the arm itself is at 0,0. Assume that the x-axis determines left and right and the y-axis top and bottom."
148,"(0.0, 0.5, 0.02)","(-0.15, 0.23, 0.02)","(0.15, 0.37, 0.02)","(0.0, 0.37, 0.02)",Take the block that is rightmost and place it -2 horizontally and 1 vertically relative to the block that is leftmost,2,1,1,"(0.0, 0.5, 0.02)","(-0.15, 0.23, 0.02)","(-2.15, 1.23, 0.02)","(0.0, 0.37, 0.02)",0.13,"*** Observation *** 
Here is the initial position of each block and the end effector: 
Red Cube: (0.0, 0.5)
Green Cube: (0.0, 0.37)
Blue Cube: (-0.15, 0.23)
Yellow Cube: (0.15, 0.37)
End Effector: (0, 0.25)
Note - the arm itself is at 0,0. Assume that the x-axis determines left and right and the y-axis top and bottom."
149,"(0.3, 0.1, 0.02)","(-0.3, 0.37, 0.02)","(-0.3, 0.5, 0.02)","(0.3, 0.37, 0.02)","Take the block that is coloured associated with brightness and place it between the blocks that are coloured like a fireball and (-0.6, 0.2666666666666667) from the red block",2,2,[0 1],"(0.3, 0.1, 0.02)","(-0.3, 0.37, 0.02)","(0.0, 0.23, 0.02)","(0.3, 0.37, 0.02)",0.27,"*** Observation *** 
Here is the initial position of each block and the end effector: 
Red Cube: (0.3, 0.1)
Green Cube: (0.3, 0.37)
Blue Cube: (-0.3, 0.37)
Yellow Cube: (-0.3, 0.5)
End Effector: (0, 0.25)
Note - the arm itself is at 0,0. Assume that the x-axis determines left and right and the y-axis top and bottom."
150,"(0.3, 0.23, 0.02)","(-0.15, 0.37, 0.02)","(0.15, 0.23, 0.02)","(-0.3, 0.5, 0.02)",Take the block that is coloured green and place it -2 horizontally and 3 vertically relative to the block that is rightmost,3,1,0,"(0.3, 0.23, 0.02)","(-0.15, 0.37, 0.02)","(0.15, 0.23, 0.02)","(-1.7, 3.23, 0.02)",0.15,"*** Observation *** 
Here is the initial position of each block and the end effector: 
Red Cube: (0.3, 0.23)
Green Cube: (-0.3, 0.5)
Blue Cube: (-0.15, 0.37)
Yellow Cube: (0.15, 0.23)
End Effector: (0, 0.25)
Note - the arm itself is at 0,0. Assume that the x-axis determines left and right and the y-axis top and bottom."
151,"(0.15, 0.23, 0.02)","(0.15, 0.1, 0.02)","(-0.3, 0.5, 0.02)","(0.3, 0.5, 0.02)",Take the block that is leftmost and place it at [0.15 0.5 ],2,0,,"(0.15, 0.23, 0.02)","(0.15, 0.1, 0.02)","(0.15, 0.5, 0.02)","(0.3, 0.5, 0.02)",0.13,"*** Observation *** 
Here is the initial position of each block and the end effector: 
Red Cube: (0.15, 0.23)
Green Cube: (0.3, 0.5)
Blue Cube: (0.15, 0.1)
Yellow Cube: (-0.3, 0.5)
End Effector: (0, 0.25)
Note - the arm itself is at 0,0. Assume that the x-axis determines left and right and the y-axis top and bottom."
152,"(0.0, 0.5, 0.02)","(0.3, 0.1, 0.02)","(-0.3, 0.5, 0.02)","(-0.15, 0.23, 0.02)",Take the block that is coloured ocean ball and place it at [-0.15  0.5 ],1,0,,"(0.0, 0.5, 0.02)","(-0.15, 0.5, 0.02)","(-0.3, 0.5, 0.02)","(-0.15, 0.23, 0.02)",0.15,"*** Observation *** 
Here is the initial position of each block and the end effector: 
Red Cube: (0.0, 0.5)
Green Cube: (-0.15, 0.23)
Blue Cube: (0.3, 0.1)
Yellow Cube: (-0.3, 0.5)
End Effector: (0, 0.25)
Note - the arm itself is at 0,0. Assume that the x-axis determines left and right and the y-axis top and bottom."
153,"(0.0, 0.23, 0.02)","(0.15, 0.23, 0.02)","(0.3, 0.23, 0.02)","(-0.3, 0.5, 0.02)","Take the block that is coloured green and place it between the blocks that are coloured yellow and (-0.14999999999999997, 0.0) from the blue block",3,2,[2 0],"(0.0, 0.23, 0.02)","(0.15, 0.23, 0.02)","(0.3, 0.23, 0.02)","(0.0, 0.5, 0.02)",0.15,"*** Observation *** 
Here is the initial position of each block and the end effector: 
Red Cube: (0.0, 0.23)
Green Cube: (-0.3, 0.5)
Blue Cube: (0.15, 0.23)
Yellow Cube: (0.3, 0.23)
End Effector: (0, 0.25)
Note - the arm itself is at 0,0. Assume that the x-axis determines left and right and the y-axis top and bottom."
154,"(0.3, 0.23, 0.02)","(-0.15, 0.1, 0.02)","(0.15, 0.5, 0.02)","(-0.3, 0.1, 0.02)",Take the block that is leftmost and place it at [0.15       0.23333333],3,0,,"(0.3, 0.23, 0.02)","(-0.15, 0.1, 0.02)","(0.15, 0.5, 0.02)","(0.15, 0.23, 0.02)",0.15,"*** Observation *** 
Here is the initial position of each block and the end effector: 
Red Cube: (0.3, 0.23)
Green Cube: (-0.3, 0.1)
Blue Cube: (-0.15, 0.1)
Yellow Cube: (0.15, 0.5)
End Effector: (0, 0.25)
Note - the arm itself is at 0,0. Assume that the x-axis determines left and right and the y-axis top and bottom."
155,"(0.0, 0.37, 0.02)","(-0.3, 0.23, 0.02)","(0.15, 0.1, 0.02)","(0.0, 0.5, 0.02)",Take the block that is leftmost and place it at [-0.3         0.36666667],1,0,,"(0.0, 0.37, 0.02)","(-0.3, 0.37, 0.02)","(0.15, 0.1, 0.02)","(0.0, 0.5, 0.02)",0.13,"*** Observation *** 
Here is the initial position of each block and the end effector: 
Red Cube: (0.0, 0.37)
Green Cube: (0.0, 0.5)
Blue Cube: (-0.3, 0.23)
Yellow Cube: (0.15, 0.1)
End Effector: (0, 0.25)
Note - the arm itself is at 0,0. Assume that the x-axis determines left and right and the y-axis top and bottom."
156,"(0.15, 0.23, 0.02)","(-0.3, 0.23, 0.02)","(-0.15, 0.5, 0.02)","(-0.15, 0.1, 0.02)",Take the block that is leftmost and place it at [0.         0.36666667],1,0,,"(0.15, 0.23, 0.02)","(0.0, 0.37, 0.02)","(-0.15, 0.5, 0.02)","(-0.15, 0.1, 0.02)",0.2,"*** Observation *** 
Here is the initial position of each block and the end effector: 
Red Cube: (0.15, 0.23)
Green Cube: (-0.15, 0.1)
Blue Cube: (-0.3, 0.23)
Yellow Cube: (-0.15, 0.5)
End Effector: (0, 0.25)
Note - the arm itself is at 0,0. Assume that the x-axis determines left and right and the y-axis top and bottom."
157,"(0.3, 0.23, 0.02)","(-0.15, 0.37, 0.02)","(-0.15, 0.5, 0.02)","(-0.3, 0.23, 0.02)",Take the block that is leftmost and place it -1 horizontally and -2 vertically relative to the block that is coloured butter-colored,3,1,2,"(0.3, 0.23, 0.02)","(-0.15, 0.37, 0.02)","(-0.15, 0.5, 0.02)","(-1.15, -1.5, 0.02)",0.13,"*** Observation *** 
Here is the initial position of each block and the end effector: 
Red Cube: (0.3, 0.23)
Green Cube: (-0.3, 0.23)
Blue Cube: (-0.15, 0.37)
Yellow Cube: (-0.15, 0.5)
End Effector: (0, 0.25)
Note - the arm itself is at 0,0. Assume that the x-axis determines left and right and the y-axis top and bottom."
158,"(-0.15, 0.37, 0.02)","(0.0, 0.5, 0.02)","(0.3, 0.23, 0.02)","(-0.3, 0.5, 0.02)",Take the block that is coloured blue and place it between the blocks that are coloured associated with brightness and coloured like a rose,1,2,[2 0],"(-0.15, 0.37, 0.02)","(0.08, 0.3, 0.02)","(0.3, 0.23, 0.02)","(-0.3, 0.5, 0.02)",0.2,"*** Observation *** 
Here is the initial position of each block and the end effector: 
Red Cube: (-0.15, 0.37)
Green Cube: (-0.3, 0.5)
Blue Cube: (0.0, 0.5)
Yellow Cube: (0.3, 0.23)
End Effector: (0, 0.25)
Note - the arm itself is at 0,0. Assume that the x-axis determines left and right and the y-axis top and bottom."
159,"(0.15, 0.5, 0.02)","(-0.3, 0.37, 0.02)","(0.15, 0.1, 0.02)","(0.15, 0.37, 0.02)",Take the block that is lowest and place it at [0.3        0.23333333],2,0,,"(0.15, 0.5, 0.02)","(-0.3, 0.37, 0.02)","(0.3, 0.23, 0.02)","(0.15, 0.37, 0.02)",0.13,"*** Observation *** 
Here is the initial position of each block and the end effector: 
Red Cube: (0.15, 0.5)
Green Cube: (0.15, 0.37)
Blue Cube: (-0.3, 0.37)
Yellow Cube: (0.15, 0.1)
End Effector: (0, 0.25)
Note - the arm itself is at 0,0. Assume that the x-axis determines left and right and the y-axis top and bottom."
160,"(0.0, 0.5, 0.02)","(0.0, 0.1, 0.02)","(0.15, 0.37, 0.02)","(0.0, 0.37, 0.02)",Take the block that is coloured green and place it at [0.15 0.1 ],3,0,,"(0.0, 0.5, 0.02)","(0.0, 0.1, 0.02)","(0.15, 0.37, 0.02)","(0.15, 0.1, 0.02)",0.15,"*** Observation *** 
Here is the initial position of each block and the end effector: 
Red Cube: (0.0, 0.5)
Green Cube: (0.0, 0.37)
Blue Cube: (0.0, 0.1)
Yellow Cube: (0.15, 0.37)
End Effector: (0, 0.25)
Note - the arm itself is at 0,0. Assume that the x-axis determines left and right and the y-axis top and bottom."
161,"(0.0, 0.37, 0.02)","(-0.15, 0.1, 0.02)","(0.0, 0.5, 0.02)","(0.15, 0.1, 0.02)",Take the block that is coloured green and place it at [0.3 0.5],3,0,,"(0.0, 0.37, 0.02)","(-0.15, 0.1, 0.02)","(0.0, 0.5, 0.02)","(0.3, 0.5, 0.02)",0.13,"*** Observation *** 
Here is the initial position of each block and the end effector: 
Red Cube: (0.0, 0.37)
Green Cube: (0.15, 0.1)
Blue Cube: (-0.15, 0.1)
Yellow Cube: (0.0, 0.5)
End Effector: (0, 0.25)
Note - the arm itself is at 0,0. Assume that the x-axis determines left and right and the y-axis top and bottom."
162,"(0.3, 0.5, 0.02)","(-0.15, 0.5, 0.02)","(0.0, 0.23, 0.02)","(-0.15, 0.23, 0.02)",Take the block that is coloured blue and place it at [0.15 0.1 ],1,0,,"(0.3, 0.5, 0.02)","(0.15, 0.1, 0.02)","(0.0, 0.23, 0.02)","(-0.15, 0.23, 0.02)",0.15,"*** Observation *** 
Here is the initial position of each block and the end effector: 
Red Cube: (0.3, 0.5)
Green Cube: (-0.15, 0.23)
Blue Cube: (-0.15, 0.5)
Yellow Cube: (0.0, 0.23)
End Effector: (0, 0.25)
Note - the arm itself is at 0,0. Assume that the x-axis determines left and right and the y-axis top and bottom."
163,"(-0.15, 0.1, 0.02)","(0.0, 0.5, 0.02)","(0.15, 0.23, 0.02)","(0.0, 0.23, 0.02)","Take the block that is coloured red and place it 3 horizontally and 3 vertically relative to the block that is (0.0, -0.26666666666666666) from the blue block",0,1,3,"(3.0, 3.23, 0.02)","(0.0, 0.5, 0.02)","(0.15, 0.23, 0.02)","(0.0, 0.23, 0.02)",0.15,"*** Observation *** 
Here is the initial position of each block and the end effector: 
Red Cube: (-0.15, 0.1)
Green Cube: (0.0, 0.23)
Blue Cube: (0.0, 0.5)
Yellow Cube: (0.15, 0.23)
End Effector: (0, 0.25)
Note - the arm itself is at 0,0. Assume that the x-axis determines left and right and the y-axis top and bottom."
164,"(-0.3, 0.23, 0.02)","(0.0, 0.5, 0.02)","(0.3, 0.5, 0.02)","(0.3, 0.37, 0.02)",Take the block that is coloured matches stop signs and place it -4 horizontally and 1 vertically relative to the block that is coloured jade,0,1,3,"(-3.7, 1.37, 0.02)","(0.0, 0.5, 0.02)","(0.3, 0.5, 0.02)","(0.3, 0.37, 0.02)",0.13,"*** Observation *** 
Here is the initial position of each block and the end effector: 
Red Cube: (-0.3, 0.23)
Green Cube: (0.3, 0.37)
Blue Cube: (0.0, 0.5)
Yellow Cube: (0.3, 0.5)
End Effector: (0, 0.25)
Note - the arm itself is at 0,0. Assume that the x-axis determines left and right and the y-axis top and bottom."
165,"(0.0, 0.5, 0.02)","(0.3, 0.1, 0.02)","(-0.15, 0.37, 0.02)","(0.0, 0.37, 0.02)",Take the block that is coloured yellow and place it at [-0.15  0.1 ],2,0,,"(0.0, 0.5, 0.02)","(0.3, 0.1, 0.02)","(-0.15, 0.1, 0.02)","(0.0, 0.37, 0.02)",0.13,"*** Observation *** 
Here is the initial position of each block and the end effector: 
Red Cube: (0.0, 0.5)
Green Cube: (0.0, 0.37)
Blue Cube: (0.3, 0.1)
Yellow Cube: (-0.15, 0.37)
End Effector: (0, 0.25)
Note - the arm itself is at 0,0. Assume that the x-axis determines left and right and the y-axis top and bottom."
166,"(0.3, 0.37, 0.02)","(0.15, 0.23, 0.02)","(-0.15, 0.37, 0.02)","(0.3, 0.5, 0.02)",Take the block that is lowest and place it at [-0.3  0.5],1,0,,"(0.3, 0.37, 0.02)","(-0.3, 0.5, 0.02)","(-0.15, 0.37, 0.02)","(0.3, 0.5, 0.02)",0.13,"*** Observation *** 
Here is the initial position of each block and the end effector: 
Red Cube: (0.3, 0.37)
Green Cube: (0.3, 0.5)
Blue Cube: (0.15, 0.23)
Yellow Cube: (-0.15, 0.37)
End Effector: (0, 0.25)
Note - the arm itself is at 0,0. Assume that the x-axis determines left and right and the y-axis top and bottom."
167,"(0.0, 0.1, 0.02)","(0.3, 0.5, 0.02)","(0.0, 0.37, 0.02)","(-0.3, 0.5, 0.02)",Take the block that is coloured green and place it 2 horizontally and -4 vertically relative to the block that is coloured scarlet,3,1,0,"(0.0, 0.1, 0.02)","(0.3, 0.5, 0.02)","(0.0, 0.37, 0.02)","(2.0, -3.9, 0.02)",0.27,"*** Observation *** 
Here is the initial position of each block and the end effector: 
Red Cube: (0.0, 0.1)
Green Cube: (-0.3, 0.5)
Blue Cube: (0.3, 0.5)
Yellow Cube: (0.0, 0.37)
End Effector: (0, 0.25)
Note - the arm itself is at 0,0. Assume that the x-axis determines left and right and the y-axis top and bottom."
168,"(0.0, 0.5, 0.02)","(0.3, 0.23, 0.02)","(-0.15, 0.37, 0.02)","(-0.3, 0.23, 0.02)",Take the block that is coloured associated with brightness and place it between the blocks that are coloured love-colored and leftmost,2,2,[0 3],"(0.0, 0.5, 0.02)","(0.3, 0.23, 0.02)","(-0.15, 0.37, 0.02)","(-0.3, 0.23, 0.02)",0.2,"*** Observation *** 
Here is the initial position of each block and the end effector: 
Red Cube: (0.0, 0.5)
Green Cube: (-0.3, 0.23)
Blue Cube: (0.3, 0.23)
Yellow Cube: (-0.15, 0.37)
End Effector: (0, 0.25)
Note - the arm itself is at 0,0. Assume that the x-axis determines left and right and the y-axis top and bottom."
169,"(-0.3, 0.23, 0.02)","(-0.15, 0.23, 0.02)","(-0.3, 0.5, 0.02)","(-0.3, 0.37, 0.02)",Take the block that is coloured green and place it between the blocks that are coloured used to signal 'hot' and coloured the color of warning signs,3,2,[0 2],"(-0.3, 0.23, 0.02)","(-0.15, 0.23, 0.02)","(-0.3, 0.5, 0.02)","(0.15, 0.23, 0.02)",0.15,"*** Observation *** 
Here is the initial position of each block and the end effector: 
Red Cube: (-0.3, 0.23)
Green Cube: (-0.3, 0.37)
Blue Cube: (-0.15, 0.23)
Yellow Cube: (-0.3, 0.5)
End Effector: (0, 0.25)
Note - the arm itself is at 0,0. Assume that the x-axis determines left and right and the y-axis top and bottom."
170,"(0.0, 0.1, 0.02)","(-0.3, 0.23, 0.02)","(-0.3, 0.1, 0.02)","(0.15, 0.37, 0.02)","Take the block that is (-0.14999999999999997, -0.2666666666666667) from the green block and place it at [-0.15  0.1 ]",0,0,,"(-0.15, 0.1, 0.02)","(-0.3, 0.23, 0.02)","(-0.3, 0.1, 0.02)","(0.15, 0.37, 0.02)",0.13,"*** Observation *** 
Here is the initial position of each block and the end effector: 
Red Cube: (0.0, 0.1)
Green Cube: (0.15, 0.37)
Blue Cube: (-0.3, 0.23)
Yellow Cube: (-0.3, 0.1)
End Effector: (0, 0.25)
Note - the arm itself is at 0,0. Assume that the x-axis determines left and right and the y-axis top and bottom."
171,"(-0.3, 0.5, 0.02)","(-0.3, 0.1, 0.02)","(0.0, 0.1, 0.02)","(0.15, 0.23, 0.02)","Take the block that is (-0.44999999999999996, -0.13333333333333333) from the green block and place it between the blocks that are coloured red and coloured the colour of envy",1,2,[0 3],"(-0.3, 0.5, 0.02)","(-0.08, 0.37, 0.02)","(0.0, 0.1, 0.02)","(0.15, 0.23, 0.02)",0.2,"*** Observation *** 
Here is the initial position of each block and the end effector: 
Red Cube: (-0.3, 0.5)
Green Cube: (0.15, 0.23)
Blue Cube: (-0.3, 0.1)
Yellow Cube: (0.0, 0.1)
End Effector: (0, 0.25)
Note - the arm itself is at 0,0. Assume that the x-axis determines left and right and the y-axis top and bottom."
172,"(-0.15, 0.1, 0.02)","(-0.15, 0.5, 0.02)","(0.0, 0.5, 0.02)","(-0.3, 0.37, 0.02)","Take the block that is rightmost and place it between the blocks that are coloured associated with war and (-0.15, 0.0) from the yellow block",2,2,[0 1],"(-0.15, 0.1, 0.02)","(-0.15, 0.5, 0.02)","(0.3, 0.1, 0.02)","(-0.3, 0.37, 0.02)",0.2,"*** Observation *** 
Here is the initial position of each block and the end effector: 
Red Cube: (-0.15, 0.1)
Green Cube: (-0.3, 0.37)
Blue Cube: (-0.15, 0.5)
Yellow Cube: (0.0, 0.5)
End Effector: (0, 0.25)
Note - the arm itself is at 0,0. Assume that the x-axis determines left and right and the y-axis top and bottom."
173,"(0.0, 0.1, 0.02)","(-0.15, 0.5, 0.02)","(-0.15, 0.37, 0.02)","(0.15, 0.37, 0.02)",Take the block that is coloured blue and place it 3 horizontally and -1 vertically relative to the block that is coloured banana-colored,1,1,2,"(0.0, 0.1, 0.02)","(2.85, -0.63, 0.02)","(-0.15, 0.37, 0.02)","(0.15, 0.37, 0.02)",0.3,"*** Observation *** 
Here is the initial position of each block and the end effector: 
Red Cube: (0.0, 0.1)
Green Cube: (0.15, 0.37)
Blue Cube: (-0.15, 0.5)
Yellow Cube: (-0.15, 0.37)
End Effector: (0, 0.25)
Note - the arm itself is at 0,0. Assume that the x-axis determines left and right and the y-axis top and bottom."
174,"(-0.3, 0.23, 0.02)","(0.3, 0.1, 0.02)","(0.3, 0.23, 0.02)","(0.3, 0.37, 0.02)",Take the block that is coloured red and place it at [-0.3  0.5],0,0,,"(-0.3, 0.5, 0.02)","(0.3, 0.1, 0.02)","(0.3, 0.23, 0.02)","(0.3, 0.37, 0.02)",0.13,"*** Observation *** 
Here is the initial position of each block and the end effector: 
Red Cube: (-0.3, 0.23)
Green Cube: (0.3, 0.37)
Blue Cube: (0.3, 0.1)
Yellow Cube: (0.3, 0.23)
End Effector: (0, 0.25)
Note - the arm itself is at 0,0. Assume that the x-axis determines left and right and the y-axis top and bottom."
175,"(0.0, 0.23, 0.02)","(0.15, 0.23, 0.02)","(-0.3, 0.37, 0.02)","(0.15, 0.37, 0.02)",Take the block that is coloured yellow and place it at [0.3 0.5],2,0,,"(0.0, 0.23, 0.02)","(0.15, 0.23, 0.02)","(0.3, 0.5, 0.02)","(0.15, 0.37, 0.02)",0.14,"*** Observation *** 
Here is the initial position of each block and the end effector: 
Red Cube: (0.0, 0.23)
Green Cube: (0.15, 0.37)
Blue Cube: (0.15, 0.23)
Yellow Cube: (-0.3, 0.37)
End Effector: (0, 0.25)
Note - the arm itself is at 0,0. Assume that the x-axis determines left and right and the y-axis top and bottom."
176,"(0.3, 0.37, 0.02)","(0.3, 0.5, 0.02)","(-0.3, 0.23, 0.02)","(-0.15, 0.37, 0.02)",Take the block that is coloured the eco-friendly one and place it at [0.15       0.23333333],3,0,,"(0.3, 0.37, 0.02)","(0.3, 0.5, 0.02)","(-0.3, 0.23, 0.02)","(0.15, 0.23, 0.02)",0.13,"*** Observation *** 
Here is the initial position of each block and the end effector: 
Red Cube: (0.3, 0.37)
Green Cube: (-0.15, 0.37)
Blue Cube: (0.3, 0.5)
Yellow Cube: (-0.3, 0.23)
End Effector: (0, 0.25)
Note - the arm itself is at 0,0. Assume that the x-axis determines left and right and the y-axis top and bottom."
177,"(0.0, 0.1, 0.02)","(0.15, 0.5, 0.02)","(-0.3, 0.5, 0.02)","(-0.3, 0.1, 0.02)","Take the block that is coloured blue and place it -3 horizontally and -2 vertically relative to the block that is (-0.44999999999999996, 0.0) from the blue block",1,1,2,"(0.0, 0.1, 0.02)","(-3.3, -1.5, 0.02)","(-0.3, 0.5, 0.02)","(-0.3, 0.1, 0.02)",0.3,"*** Observation *** 
Here is the initial position of each block and the end effector: 
Red Cube: (0.0, 0.1)
Green Cube: (-0.3, 0.1)
Blue Cube: (0.15, 0.5)
Yellow Cube: (-0.3, 0.5)
End Effector: (0, 0.25)
Note - the arm itself is at 0,0. Assume that the x-axis determines left and right and the y-axis top and bottom."
178,"(0.3, 0.5, 0.02)","(-0.3, 0.37, 0.02)","(-0.15, 0.1, 0.02)","(0.3, 0.37, 0.02)",Take the block that is coloured green and place it at [0.3        0.23333333],3,0,,"(0.3, 0.5, 0.02)","(-0.3, 0.37, 0.02)","(-0.15, 0.1, 0.02)","(0.3, 0.23, 0.02)",0.27,"*** Observation *** 
Here is the initial position of each block and the end effector: 
Red Cube: (0.3, 0.5)
Green Cube: (0.3, 0.37)
Blue Cube: (-0.3, 0.37)
Yellow Cube: (-0.15, 0.1)
End Effector: (0, 0.25)
Note - the arm itself is at 0,0. Assume that the x-axis determines left and right and the y-axis top and bottom."
179,"(0.3, 0.23, 0.02)","(-0.15, 0.1, 0.02)","(0.3, 0.37, 0.02)","(-0.3, 0.5, 0.02)",Take the block that is coloured like a rose and place it at [-0.3         0.23333333],0,0,,"(-0.3, 0.23, 0.02)","(-0.15, 0.1, 0.02)","(0.3, 0.37, 0.02)","(-0.3, 0.5, 0.02)",0.2,"*** Observation *** 
Here is the initial position of each block and the end effector: 
Red Cube: (0.3, 0.23)
Green Cube: (-0.3, 0.5)
Blue Cube: (-0.15, 0.1)
Yellow Cube: (0.3, 0.37)
End Effector: (0, 0.25)
Note - the arm itself is at 0,0. Assume that the x-axis determines left and right and the y-axis top and bottom."
180,"(-0.15, 0.1, 0.02)","(0.3, 0.1, 0.02)","(-0.3, 0.5, 0.02)","(0.3, 0.23, 0.02)",Take the block that is coloured the colour that signifies 'go' and place it at [0.         0.36666667],3,0,,"(-0.15, 0.1, 0.02)","(0.3, 0.1, 0.02)","(-0.3, 0.5, 0.02)","(0.0, 0.37, 0.02)",0.31,"*** Observation *** 
Here is the initial position of each block and the end effector: 
Red Cube: (-0.15, 0.1)
Green Cube: (0.3, 0.23)
Blue Cube: (0.3, 0.1)
Yellow Cube: (-0.3, 0.5)
End Effector: (0, 0.25)
Note - the arm itself is at 0,0. Assume that the x-axis determines left and right and the y-axis top and bottom."
181,"(0.3, 0.23, 0.02)","(-0.3, 0.5, 0.02)","(0.3, 0.1, 0.02)","(0.0, 0.5, 0.02)",Take the block that is coloured the colour that signifies 'go' and place it 2 horizontally and -1 vertically relative to the block that is coloured red,3,1,0,"(0.3, 0.23, 0.02)","(-0.3, 0.5, 0.02)","(0.3, 0.1, 0.02)","(2.3, -0.77, 0.02)",0.13,"*** Observation *** 
Here is the initial position of each block and the end effector: 
Red Cube: (0.3, 0.23)
Green Cube: (0.0, 0.5)
Blue Cube: (-0.3, 0.5)
Yellow Cube: (0.3, 0.1)
End Effector: (0, 0.25)
Note - the arm itself is at 0,0. Assume that the x-axis determines left and right and the y-axis top and bottom."
182,"(0.15, 0.5, 0.02)","(0.3, 0.23, 0.02)","(0.3, 0.37, 0.02)","(-0.15, 0.37, 0.02)",Take the block that is coloured used to signal 'hot' and place it -4 horizontally and 3 vertically relative to the block that is lowest,0,1,1,"(-3.7, 3.23, 0.02)","(0.3, 0.23, 0.02)","(0.3, 0.37, 0.02)","(-0.15, 0.37, 0.02)",0.14,"*** Observation *** 
Here is the initial position of each block and the end effector: 
Red Cube: (0.15, 0.5)
Green Cube: (-0.15, 0.37)
Blue Cube: (0.3, 0.23)
Yellow Cube: (0.3, 0.37)
End Effector: (0, 0.25)
Note - the arm itself is at 0,0. Assume that the x-axis determines left and right and the y-axis top and bottom."
183,"(0.0, 0.5, 0.02)","(-0.15, 0.23, 0.02)","(-0.15, 0.1, 0.02)","(-0.3, 0.37, 0.02)",Take the block that is coloured blue and place it -3 horizontally and -1 vertically relative to the block that is rightmost,1,1,0,"(0.0, 0.5, 0.02)","(-3.0, -0.5, 0.02)","(-0.15, 0.1, 0.02)","(-0.3, 0.37, 0.02)",0.31,"*** Observation *** 
Here is the initial position of each block and the end effector: 
Red Cube: (0.0, 0.5)
Green Cube: (-0.3, 0.37)
Blue Cube: (-0.15, 0.23)
Yellow Cube: (-0.15, 0.1)
End Effector: (0, 0.25)
Note - the arm itself is at 0,0. Assume that the x-axis determines left and right and the y-axis top and bottom."
184,"(-0.15, 0.23, 0.02)","(-0.3, 0.5, 0.02)","(0.3, 0.5, 0.02)","(0.0, 0.23, 0.02)",Take the block that is coloured crimson and place it at [0.3        0.36666667],0,0,,"(0.3, 0.37, 0.02)","(-0.3, 0.5, 0.02)","(0.3, 0.5, 0.02)","(0.0, 0.23, 0.02)",0.13,"*** Observation *** 
Here is the initial position of each block and the end effector: 
Red Cube: (-0.15, 0.23)
Green Cube: (0.0, 0.23)
Blue Cube: (-0.3, 0.5)
Yellow Cube: (0.3, 0.5)
End Effector: (0, 0.25)
Note - the arm itself is at 0,0. Assume that the x-axis determines left and right and the y-axis top and bottom."
185,"(0.3, 0.1, 0.02)","(-0.3, 0.5, 0.02)","(0.15, 0.5, 0.02)","(0.0, 0.37, 0.02)",Take the block that is coloured red and place it 3 horizontally and 1 vertically relative to the block that is coloured yellow,0,1,2,"(3.15, 1.5, 0.02)","(-0.3, 0.5, 0.02)","(0.15, 0.5, 0.02)","(0.0, 0.37, 0.02)",0.2,"*** Observation *** 
Here is the initial position of each block and the end effector: 
Red Cube: (0.3, 0.1)
Green Cube: (0.0, 0.37)
Blue Cube: (-0.3, 0.5)
Yellow Cube: (0.15, 0.5)
End Effector: (0, 0.25)
Note - the arm itself is at 0,0. Assume that the x-axis determines left and right and the y-axis top and bottom."
186,"(-0.3, 0.1, 0.02)","(-0.3, 0.23, 0.02)","(0.0, 0.1, 0.02)","(-0.15, 0.23, 0.02)","Take the block that is (-0.15, 0.0) from the green block and place it 1 horizontally and -2 vertically relative to the block that is (0.0, -0.13333333333333333) from the blue block",1,1,0,"(-0.3, 0.1, 0.02)","(0.7, -1.9, 0.02)","(0.0, 0.1, 0.02)","(-0.15, 0.23, 0.02)",0.2,"*** Observation *** 
Here is the initial position of each block and the end effector: 
Red Cube: (-0.3, 0.1)
Green Cube: (-0.15, 0.23)
Blue Cube: (-0.3, 0.23)
Yellow Cube: (0.0, 0.1)
End Effector: (0, 0.25)
Note - the arm itself is at 0,0. Assume that the x-axis determines left and right and the y-axis top and bottom."
187,"(-0.15, 0.5, 0.02)","(-0.15, 0.23, 0.02)","(0.15, 0.1, 0.02)","(-0.15, 0.1, 0.02)",Take the block that is coloured banana-colored and place it 1 horizontally and 1 vertically relative to the block that is coloured red,2,1,0,"(-0.15, 0.5, 0.02)","(-0.15, 0.23, 0.02)","(0.85, 1.5, 0.02)","(-0.15, 0.1, 0.02)",0.13,"*** Observation *** 
Here is the initial position of each block and the end effector: 
Red Cube: (-0.15, 0.5)
Green Cube: (-0.15, 0.1)
Blue Cube: (-0.15, 0.23)
Yellow Cube: (0.15, 0.1)
End Effector: (0, 0.25)
Note - the arm itself is at 0,0. Assume that the x-axis determines left and right and the y-axis top and bottom."
188,"(-0.3, 0.37, 0.02)","(-0.15, 0.37, 0.02)","(-0.15, 0.23, 0.02)","(0.3, 0.23, 0.02)",Take the block that is coloured gold and place it at [0.15 0.1 ],2,0,,"(-0.3, 0.37, 0.02)","(-0.15, 0.37, 0.02)","(0.15, 0.1, 0.02)","(0.3, 0.23, 0.02)",0.15,"*** Observation *** 
Here is the initial position of each block and the end effector: 
Red Cube: (-0.3, 0.37)
Green Cube: (0.3, 0.23)
Blue Cube: (-0.15, 0.37)
Yellow Cube: (-0.15, 0.23)
End Effector: (0, 0.25)
Note - the arm itself is at 0,0. Assume that the x-axis determines left and right and the y-axis top and bottom."
189,"(0.3, 0.23, 0.02)","(0.15, 0.1, 0.02)","(0.0, 0.23, 0.02)","(0.3, 0.37, 0.02)",Take the block that is coloured ruby and place it at [0.15       0.36666667],0,0,,"(0.15, 0.37, 0.02)","(0.15, 0.1, 0.02)","(0.0, 0.23, 0.02)","(0.3, 0.37, 0.02)",0.15,"*** Observation *** 
Here is the initial position of each block and the end effector: 
Red Cube: (0.3, 0.23)
Green Cube: (0.3, 0.37)
Blue Cube: (0.15, 0.1)
Yellow Cube: (0.0, 0.23)
End Effector: (0, 0.25)
Note - the arm itself is at 0,0. Assume that the x-axis determines left and right and the y-axis top and bottom."
190,"(0.0, 0.37, 0.02)","(-0.15, 0.5, 0.02)","(-0.3, 0.23, 0.02)","(-0.3, 0.5, 0.02)","Take the block that is (0.15, 0.0) from the green block and place it 1 horizontally and 3 vertically relative to the block that is (0.0, 0.26666666666666666) from the yellow block",1,1,3,"(0.0, 0.37, 0.02)","(0.7, 3.5, 0.02)","(-0.3, 0.23, 0.02)","(-0.3, 0.5, 0.02)",0.27,"*** Observation *** 
Here is the initial position of each block and the end effector: 
Red Cube: (0.0, 0.37)
Green Cube: (-0.3, 0.5)
Blue Cube: (-0.15, 0.5)
Yellow Cube: (-0.3, 0.23)
End Effector: (0, 0.25)
Note - the arm itself is at 0,0. Assume that the x-axis determines left and right and the y-axis top and bottom."
191,"(0.0, 0.37, 0.02)","(0.3, 0.5, 0.02)","(0.3, 0.1, 0.02)","(0.15, 0.5, 0.02)",Take the block that is coloured the nature-colored ball and place it at [-0.3         0.23333333],3,0,,"(0.0, 0.37, 0.02)","(0.3, 0.5, 0.02)","(0.3, 0.1, 0.02)","(-0.3, 0.23, 0.02)",0.33,"*** Observation *** 
Here is the initial position of each block and the end effector: 
Red Cube: (0.0, 0.37)
Green Cube: (0.15, 0.5)
Blue Cube: (0.3, 0.5)
Yellow Cube: (0.3, 0.1)
End Effector: (0, 0.25)
Note - the arm itself is at 0,0. Assume that the x-axis determines left and right and the y-axis top and bottom."
192,"(0.15, 0.23, 0.02)","(-0.3, 0.1, 0.02)","(-0.3, 0.5, 0.02)","(0.0, 0.1, 0.02)",Take the block that is coloured matches stop signs and place it at [-0.15  0.1 ],0,0,,"(-0.15, 0.1, 0.02)","(-0.3, 0.1, 0.02)","(-0.3, 0.5, 0.02)","(0.0, 0.1, 0.02)",0.15,"*** Observation *** 
Here is the initial position of each block and the end effector: 
Red Cube: (0.15, 0.23)
Green Cube: (0.0, 0.1)
Blue Cube: (-0.3, 0.1)
Yellow Cube: (-0.3, 0.5)
End Effector: (0, 0.25)
Note - the arm itself is at 0,0. Assume that the x-axis determines left and right and the y-axis top and bottom."
193,"(-0.15, 0.1, 0.02)","(0.3, 0.1, 0.02)","(0.0, 0.37, 0.02)","(0.15, 0.5, 0.02)","Take the block that is coloured cobalt and place it 2 horizontally and -2 vertically relative to the block that is (-0.3, 0.2666666666666667) from the blue block",1,1,2,"(-0.15, 0.1, 0.02)","(2.0, -1.63, 0.02)","(0.0, 0.37, 0.02)","(0.15, 0.5, 0.02)",0.2,"*** Observation *** 
Here is the initial position of each block and the end effector: 
Red Cube: (-0.15, 0.1)
Green Cube: (0.15, 0.5)
Blue Cube: (0.3, 0.1)
Yellow Cube: (0.0, 0.37)
End Effector: (0, 0.25)
Note - the arm itself is at 0,0. Assume that the x-axis determines left and right and the y-axis top and bottom."
194,"(0.0, 0.23, 0.02)","(0.0, 0.1, 0.02)","(0.3, 0.37, 0.02)","(0.0, 0.5, 0.02)",Take the block that is coloured blue and place it between the blocks that are coloured mint and coloured scarlet,1,2,[3 0],"(0.0, 0.23, 0.02)","(0.3, 0.23, 0.02)","(0.3, 0.37, 0.02)","(0.0, 0.5, 0.02)",0.14,"*** Observation *** 
Here is the initial position of each block and the end effector: 
Red Cube: (0.0, 0.23)
Green Cube: (0.0, 0.5)
Blue Cube: (0.0, 0.1)
Yellow Cube: (0.3, 0.37)
End Effector: (0, 0.25)
Note - the arm itself is at 0,0. Assume that the x-axis determines left and right and the y-axis top and bottom."
195,"(0.3, 0.37, 0.02)","(-0.15, 0.5, 0.02)","(0.0, 0.5, 0.02)","(-0.15, 0.23, 0.02)",Take the block that is coloured blue and place it at [-0.3  0.1],1,0,,"(0.3, 0.37, 0.02)","(-0.3, 0.1, 0.02)","(0.0, 0.5, 0.02)","(-0.15, 0.23, 0.02)",0.2,"*** Observation *** 
Here is the initial position of each block and the end effector: 
Red Cube: (0.3, 0.37)
Green Cube: (-0.15, 0.23)
Blue Cube: (-0.15, 0.5)
Yellow Cube: (0.0, 0.5)
End Effector: (0, 0.25)
Note - the arm itself is at 0,0. Assume that the x-axis determines left and right and the y-axis top and bottom."
196,"(-0.3, 0.37, 0.02)","(-0.15, 0.5, 0.02)","(0.0, 0.1, 0.02)","(0.0, 0.5, 0.02)",Take the block that is coloured ocean ball and place it -2 horizontally and -3 vertically relative to the block that is lowest,1,1,2,"(-0.3, 0.37, 0.02)","(-2.0, -2.9, 0.02)","(0.0, 0.1, 0.02)","(0.0, 0.5, 0.02)",0.33,"*** Observation *** 
Here is the initial position of each block and the end effector: 
Red Cube: (-0.3, 0.37)
Green Cube: (0.0, 0.5)
Blue Cube: (-0.15, 0.5)
Yellow Cube: (0.0, 0.1)
End Effector: (0, 0.25)
Note - the arm itself is at 0,0. Assume that the x-axis determines left and right and the y-axis top and bottom."
197,"(0.15, 0.23, 0.02)","(0.0, 0.23, 0.02)","(0.3, 0.5, 0.02)","(-0.15, 0.23, 0.02)",Take the block that is coloured green and place it between the blocks that are coloured screams danger and coloured blue,3,2,[0 1],"(0.15, 0.23, 0.02)","(0.0, 0.23, 0.02)","(0.3, 0.5, 0.02)","(0.0, 0.37, 0.02)",0.14,"*** Observation *** 
Here is the initial position of each block and the end effector: 
Red Cube: (0.15, 0.23)
Green Cube: (-0.15, 0.23)
Blue Cube: (0.0, 0.23)
Yellow Cube: (0.3, 0.5)
End Effector: (0, 0.25)
Note - the arm itself is at 0,0. Assume that the x-axis determines left and right and the y-axis top and bottom."
198,"(0.0, 0.5, 0.02)","(-0.3, 0.23, 0.02)","(-0.3, 0.1, 0.02)","(0.15, 0.5, 0.02)",Take the block that is coloured scarlet and place it at [0.  0.1],0,0,,"(0.0, 0.1, 0.02)","(-0.3, 0.23, 0.02)","(-0.3, 0.1, 0.02)","(0.15, 0.5, 0.02)",0.13,"*** Observation *** 
Here is the initial position of each block and the end effector: 
Red Cube: (0.0, 0.5)
Green Cube: (0.15, 0.5)
Blue Cube: (-0.3, 0.23)
Yellow Cube: (-0.3, 0.1)
End Effector: (0, 0.25)
Note - the arm itself is at 0,0. Assume that the x-axis determines left and right and the y-axis top and bottom."
199,"(-0.15, 0.37, 0.02)","(0.0, 0.1, 0.02)","(0.15, 0.1, 0.02)","(0.15, 0.23, 0.02)",Take the block that is coloured red and place it between the blocks that are coloured blue and coloured lemon,0,2,[1 2],"(0.15, 0.5, 0.02)","(0.0, 0.1, 0.02)","(0.15, 0.1, 0.02)","(0.15, 0.23, 0.02)",0.13,"*** Observation *** 
Here is the initial position of each block and the end effector: 
Red Cube: (-0.15, 0.37)
Green Cube: (0.15, 0.23)
Blue Cube: (0.0, 0.1)
Yellow Cube: (0.15, 0.1)
End Effector: (0, 0.25)
Note - the arm itself is at 0,0. Assume that the x-axis determines left and right and the y-axis top and bottom."
200,"(-0.3, 0.23, 0.02)","(-0.3, 0.1, 0.02)","(-0.3, 0.37, 0.02)","(-0.15, 0.37, 0.02)",Take the block that is lowest and place it -2 horizontally and 3 vertically relative to the block that is coloured red,1,1,0,"(-0.3, 0.23, 0.02)","(-2.3, 3.23, 0.02)","(-0.3, 0.37, 0.02)","(-0.15, 0.37, 0.02)",0.14,"*** Observation *** 
Here is the initial position of each block and the end effector: 
Red Cube: (-0.3, 0.23)
Green Cube: (-0.15, 0.37)
Blue Cube: (-0.3, 0.1)
Yellow Cube: (-0.3, 0.37)
End Effector: (0, 0.25)
Note - the arm itself is at 0,0. Assume that the x-axis determines left and right and the y-axis top and bottom."
201,"(-0.15, 0.1, 0.02)","(0.3, 0.37, 0.02)","(-0.3, 0.37, 0.02)","(0.0, 0.1, 0.02)","Take the block that is (-0.44999999999999996, -0.2666666666666667) from the blue block and place it at [0.3 0.5]",0,0,,"(0.3, 0.5, 0.02)","(0.3, 0.37, 0.02)","(-0.3, 0.37, 0.02)","(0.0, 0.1, 0.02)",0.13,"*** Observation *** 
Here is the initial position of each block and the end effector: 
Red Cube: (-0.15, 0.1)
Green Cube: (0.0, 0.1)
Blue Cube: (0.3, 0.37)
Yellow Cube: (-0.3, 0.37)
End Effector: (0, 0.25)
Note - the arm itself is at 0,0. Assume that the x-axis determines left and right and the y-axis top and bottom."
202,"(0.3, 0.37, 0.02)","(0.0, 0.5, 0.02)","(-0.3, 0.37, 0.02)","(-0.15, 0.37, 0.02)",Take the block that is coloured blue and place it between the blocks that are coloured green and rightmost,1,2,[3 0],"(0.3, 0.37, 0.02)","(0.08, 0.37, 0.02)","(-0.3, 0.37, 0.02)","(-0.15, 0.37, 0.02)",0.15,"*** Observation *** 
Here is the initial position of each block and the end effector: 
Red Cube: (0.3, 0.37)
Green Cube: (-0.15, 0.37)
Blue Cube: (0.0, 0.5)
Yellow Cube: (-0.3, 0.37)
End Effector: (0, 0.25)
Note - the arm itself is at 0,0. Assume that the x-axis determines left and right and the y-axis top and bottom."
203,"(-0.3, 0.23, 0.02)","(0.15, 0.37, 0.02)","(-0.15, 0.5, 0.02)","(0.0, 0.1, 0.02)",Take the block that is coloured lime and place it at [0.15       0.23333333],3,0,,"(-0.3, 0.23, 0.02)","(0.15, 0.37, 0.02)","(-0.15, 0.5, 0.02)","(0.15, 0.23, 0.02)",0.14,"*** Observation *** 
Here is the initial position of each block and the end effector: 
Red Cube: (-0.3, 0.23)
Green Cube: (0.0, 0.1)
Blue Cube: (0.15, 0.37)
Yellow Cube: (-0.15, 0.5)
End Effector: (0, 0.25)
Note - the arm itself is at 0,0. Assume that the x-axis determines left and right and the y-axis top and bottom."
204,"(-0.15, 0.1, 0.02)","(0.0, 0.5, 0.02)","(0.15, 0.1, 0.02)","(-0.3, 0.1, 0.02)",Take the block that is coloured sky-colored and place it -3 horizontally and 3 vertically relative to the block that is rightmost,1,1,2,"(-0.15, 0.1, 0.02)","(-2.85, 3.1, 0.02)","(0.15, 0.1, 0.02)","(-0.3, 0.1, 0.02)",0.15,"*** Observation *** 
Here is the initial position of each block and the end effector: 
Red Cube: (-0.15, 0.1)
Green Cube: (-0.3, 0.1)
Blue Cube: (0.0, 0.5)
Yellow Cube: (0.15, 0.1)
End Effector: (0, 0.25)
Note - the arm itself is at 0,0. Assume that the x-axis determines left and right and the y-axis top and bottom."
205,"(-0.15, 0.1, 0.02)","(-0.15, 0.23, 0.02)","(0.0, 0.1, 0.02)","(0.3, 0.5, 0.02)",Take the block that is coloured mint and place it 3 horizontally and -3 vertically relative to the block that is coloured yellow,3,1,2,"(-0.15, 0.1, 0.02)","(-0.15, 0.23, 0.02)","(0.0, 0.1, 0.02)","(3.0, -2.9, 0.02)",0.13,"*** Observation *** 
Here is the initial position of each block and the end effector: 
Red Cube: (-0.15, 0.1)
Green Cube: (0.3, 0.5)
Blue Cube: (-0.15, 0.23)
Yellow Cube: (0.0, 0.1)
End Effector: (0, 0.25)
Note - the arm itself is at 0,0. Assume that the x-axis determines left and right and the y-axis top and bottom."
206,"(0.3, 0.1, 0.02)","(0.0, 0.1, 0.02)","(0.15, 0.37, 0.02)","(0.0, 0.37, 0.02)",Take the block that is coloured cobalt and place it at [-0.15  0.5 ],1,0,,"(0.3, 0.1, 0.02)","(-0.15, 0.5, 0.02)","(0.15, 0.37, 0.02)","(0.0, 0.37, 0.02)",0.15,"*** Observation *** 
Here is the initial position of each block and the end effector: 
Red Cube: (0.3, 0.1)
Green Cube: (0.0, 0.37)
Blue Cube: (0.0, 0.1)
Yellow Cube: (0.15, 0.37)
End Effector: (0, 0.25)
Note - the arm itself is at 0,0. Assume that the x-axis determines left and right and the y-axis top and bottom."
207,"(-0.3, 0.23, 0.02)","(0.3, 0.37, 0.02)","(-0.15, 0.37, 0.02)","(0.15, 0.1, 0.02)",Take the block that is coloured sky-colored and place it between the blocks that are lowest and coloured banana-colored,1,2,[3 2],"(-0.3, 0.23, 0.02)","(-0.0, 0.23, 0.02)","(-0.15, 0.37, 0.02)","(0.15, 0.1, 0.02)",0.2,"*** Observation *** 
Here is the initial position of each block and the end effector: 
Red Cube: (-0.3, 0.23)
Green Cube: (0.15, 0.1)
Blue Cube: (0.3, 0.37)
Yellow Cube: (-0.15, 0.37)
End Effector: (0, 0.25)
Note - the arm itself is at 0,0. Assume that the x-axis determines left and right and the y-axis top and bottom."
208,"(-0.3, 0.23, 0.02)","(-0.15, 0.23, 0.02)","(0.3, 0.23, 0.02)","(-0.3, 0.5, 0.02)","Take the block that is coloured yellow and place it 2 horizontally and -2 vertically relative to the block that is (0.0, -0.26666666666666666) from the green block",2,1,0,"(-0.3, 0.23, 0.02)","(-0.15, 0.23, 0.02)","(1.7, -1.77, 0.02)","(-0.3, 0.5, 0.02)",0.15,"*** Observation *** 
Here is the initial position of each block and the end effector: 
Red Cube: (-0.3, 0.23)
Green Cube: (-0.3, 0.5)
Blue Cube: (-0.15, 0.23)
Yellow Cube: (0.3, 0.23)
End Effector: (0, 0.25)
Note - the arm itself is at 0,0. Assume that the x-axis determines left and right and the y-axis top and bottom."
209,"(-0.3, 0.23, 0.02)","(-0.3, 0.1, 0.02)","(0.15, 0.37, 0.02)","(-0.15, 0.1, 0.02)",Take the block that is coloured red and place it between the blocks that are coloured jade and coloured yellow,0,2,[3 2],"(-0.0, 0.23, 0.02)","(-0.3, 0.1, 0.02)","(0.15, 0.37, 0.02)","(-0.15, 0.1, 0.02)",0.15,"*** Observation *** 
Here is the initial position of each block and the end effector: 
Red Cube: (-0.3, 0.23)
Green Cube: (-0.15, 0.1)
Blue Cube: (-0.3, 0.1)
Yellow Cube: (0.15, 0.37)
End Effector: (0, 0.25)
Note - the arm itself is at 0,0. Assume that the x-axis determines left and right and the y-axis top and bottom."
210,"(-0.15, 0.5, 0.02)","(0.3, 0.23, 0.02)","(-0.3, 0.37, 0.02)","(-0.15, 0.37, 0.02)",Take the block that is leftmost and place it at [0.3 0.1],2,0,,"(-0.15, 0.5, 0.02)","(0.3, 0.23, 0.02)","(0.3, 0.1, 0.02)","(-0.15, 0.37, 0.02)",0.13,"*** Observation *** 
Here is the initial position of each block and the end effector: 
Red Cube: (-0.15, 0.5)
Green Cube: (-0.15, 0.37)
Blue Cube: (0.3, 0.23)
Yellow Cube: (-0.3, 0.37)
End Effector: (0, 0.25)
Note - the arm itself is at 0,0. Assume that the x-axis determines left and right and the y-axis top and bottom."
211,"(0.0, 0.5, 0.02)","(0.3, 0.5, 0.02)","(-0.15, 0.23, 0.02)","(0.3, 0.23, 0.02)",Take the block that is leftmost and place it -2 horizontally and 3 vertically relative to the block that is coloured green,2,1,3,"(0.0, 0.5, 0.02)","(0.3, 0.5, 0.02)","(-1.7, 3.23, 0.02)","(0.3, 0.23, 0.02)",0.27,"*** Observation *** 
Here is the initial position of each block and the end effector: 
Red Cube: (0.0, 0.5)
Green Cube: (0.3, 0.23)
Blue Cube: (0.3, 0.5)
Yellow Cube: (-0.15, 0.23)
End Effector: (0, 0.25)
Note - the arm itself is at 0,0. Assume that the x-axis determines left and right and the y-axis top and bottom."
212,"(-0.15, 0.37, 0.02)","(-0.3, 0.1, 0.02)","(0.15, 0.23, 0.02)","(0.15, 0.37, 0.02)","Take the block that is (-0.29999999999999993, 0.13333333333333336) from the yellow block and place it between the blocks that are coloured sunflower-hued and coloured ocean ball",0,2,[2 1],"(-0.08, 0.17, 0.02)","(-0.3, 0.1, 0.02)","(0.15, 0.23, 0.02)","(0.15, 0.37, 0.02)",0.14,"*** Observation *** 
Here is the initial position of each block and the end effector: 
Red Cube: (-0.15, 0.37)
Green Cube: (0.15, 0.37)
Blue Cube: (-0.3, 0.1)
Yellow Cube: (0.15, 0.23)
End Effector: (0, 0.25)
Note - the arm itself is at 0,0. Assume that the x-axis determines left and right and the y-axis top and bottom."
213,"(-0.3, 0.1, 0.02)","(-0.15, 0.23, 0.02)","(-0.15, 0.5, 0.02)","(0.3, 0.37, 0.02)","Take the block that is (0.0, -0.26666666666666666) from the yellow block and place it at [0.3 0.5]",1,0,,"(-0.3, 0.1, 0.02)","(0.3, 0.5, 0.02)","(-0.15, 0.5, 0.02)","(0.3, 0.37, 0.02)",0.13,"*** Observation *** 
Here is the initial position of each block and the end effector: 
Red Cube: (-0.3, 0.1)
Green Cube: (0.3, 0.37)
Blue Cube: (-0.15, 0.23)
Yellow Cube: (-0.15, 0.5)
End Effector: (0, 0.25)
Note - the arm itself is at 0,0. Assume that the x-axis determines left and right and the y-axis top and bottom."
214,"(0.15, 0.37, 0.02)","(0.0, 0.5, 0.02)","(-0.15, 0.5, 0.02)","(0.3, 0.37, 0.02)","Take the block that is coloured screams danger and place it between the blocks that are (-0.3, 0.1333333333333333) from the green block and coloured sunflower-hued",0,2,[1 2],"(-0.15, 0.1, 0.02)","(0.0, 0.5, 0.02)","(-0.15, 0.5, 0.02)","(0.3, 0.37, 0.02)",0.15,"*** Observation *** 
Here is the initial position of each block and the end effector: 
Red Cube: (0.15, 0.37)
Green Cube: (0.3, 0.37)
Blue Cube: (0.0, 0.5)
Yellow Cube: (-0.15, 0.5)
End Effector: (0, 0.25)
Note - the arm itself is at 0,0. Assume that the x-axis determines left and right and the y-axis top and bottom."
215,"(0.0, 0.23, 0.02)","(0.3, 0.23, 0.02)","(0.3, 0.37, 0.02)","(-0.3, 0.1, 0.02)",Take the block that is coloured blue and place it at [0.3 0.5],1,0,,"(0.0, 0.23, 0.02)","(0.3, 0.5, 0.02)","(0.3, 0.37, 0.02)","(-0.3, 0.1, 0.02)",0.13,"*** Observation *** 
Here is the initial position of each block and the end effector: 
Red Cube: (0.0, 0.23)
Green Cube: (-0.3, 0.1)
Blue Cube: (0.3, 0.23)
Yellow Cube: (0.3, 0.37)
End Effector: (0, 0.25)
Note - the arm itself is at 0,0. Assume that the x-axis determines left and right and the y-axis top and bottom."
216,"(-0.3, 0.5, 0.02)","(-0.15, 0.1, 0.02)","(0.15, 0.23, 0.02)","(0.0, 0.1, 0.02)",Take the block that is coloured ruby and place it at [0.3        0.23333333],0,0,,"(0.3, 0.23, 0.02)","(-0.15, 0.1, 0.02)","(0.15, 0.23, 0.02)","(0.0, 0.1, 0.02)",0.15,"*** Observation *** 
Here is the initial position of each block and the end effector: 
Red Cube: (-0.3, 0.5)
Green Cube: (0.0, 0.1)
Blue Cube: (-0.15, 0.1)
Yellow Cube: (0.15, 0.23)
End Effector: (0, 0.25)
Note - the arm itself is at 0,0. Assume that the x-axis determines left and right and the y-axis top and bottom."
217,"(0.3, 0.1, 0.02)","(0.0, 0.5, 0.02)","(-0.3, 0.1, 0.02)","(-0.15, 0.5, 0.02)",Take the block that is coloured red and place it at [-0.15  0.1 ],0,0,,"(-0.15, 0.1, 0.02)","(0.0, 0.5, 0.02)","(-0.3, 0.1, 0.02)","(-0.15, 0.5, 0.02)",0.15,"*** Observation *** 
Here is the initial position of each block and the end effector: 
Red Cube: (0.3, 0.1)
Green Cube: (-0.15, 0.5)
Blue Cube: (0.0, 0.5)
Yellow Cube: (-0.3, 0.1)
End Effector: (0, 0.25)
Note - the arm itself is at 0,0. Assume that the x-axis determines left and right and the y-axis top and bottom."
218,"(0.15, 0.1, 0.02)","(0.0, 0.5, 0.02)","(0.0, 0.1, 0.02)","(-0.15, 0.23, 0.02)",Take the block that is highest and place it at [0.15       0.36666667],1,0,,"(0.15, 0.1, 0.02)","(0.15, 0.37, 0.02)","(0.0, 0.1, 0.02)","(-0.15, 0.23, 0.02)",0.15,"*** Observation *** 
Here is the initial position of each block and the end effector: 
Red Cube: (0.15, 0.1)
Green Cube: (-0.15, 0.23)
Blue Cube: (0.0, 0.5)
Yellow Cube: (0.0, 0.1)
End Effector: (0, 0.25)
Note - the arm itself is at 0,0. Assume that the x-axis determines left and right and the y-axis top and bottom."
219,"(0.3, 0.37, 0.02)","(0.15, 0.5, 0.02)","(-0.15, 0.5, 0.02)","(-0.3, 0.23, 0.02)",Take the block that is rightmost and place it 1 horizontally and -4 vertically relative to the block that is coloured blue,0,1,1,"(1.15, -3.5, 0.02)","(0.15, 0.5, 0.02)","(-0.15, 0.5, 0.02)","(-0.3, 0.23, 0.02)",0.3,"*** Observation *** 
Here is the initial position of each block and the end effector: 
Red Cube: (0.3, 0.37)
Green Cube: (-0.3, 0.23)
Blue Cube: (0.15, 0.5)
Yellow Cube: (-0.15, 0.5)
End Effector: (0, 0.25)
Note - the arm itself is at 0,0. Assume that the x-axis determines left and right and the y-axis top and bottom."
220,"(-0.15, 0.1, 0.02)","(0.15, 0.1, 0.02)","(0.0, 0.5, 0.02)","(0.3, 0.1, 0.02)",Take the block that is coloured blue and place it at [-0.15        0.23333333],1,0,,"(-0.15, 0.1, 0.02)","(-0.15, 0.23, 0.02)","(0.0, 0.5, 0.02)","(0.3, 0.1, 0.02)",0.13,"*** Observation *** 
Here is the initial position of each block and the end effector: 
Red Cube: (-0.15, 0.1)
Green Cube: (0.3, 0.1)
Blue Cube: (0.15, 0.1)
Yellow Cube: (0.0, 0.5)
End Effector: (0, 0.25)
Note - the arm itself is at 0,0. Assume that the x-axis determines left and right and the y-axis top and bottom."
221,"(0.15, 0.37, 0.02)","(-0.15, 0.1, 0.02)","(0.3, 0.1, 0.02)","(-0.15, 0.5, 0.02)",Take the block that is coloured blue and place it at [0.3 0.5],1,0,,"(0.15, 0.37, 0.02)","(0.3, 0.5, 0.02)","(0.3, 0.1, 0.02)","(-0.15, 0.5, 0.02)",0.2,"*** Observation *** 
Here is the initial position of each block and the end effector: 
Red Cube: (0.15, 0.37)
Green Cube: (-0.15, 0.5)
Blue Cube: (-0.15, 0.1)
Yellow Cube: (0.3, 0.1)
End Effector: (0, 0.25)
Note - the arm itself is at 0,0. Assume that the x-axis determines left and right and the y-axis top and bottom."
222,"(-0.3, 0.23, 0.02)","(0.0, 0.23, 0.02)","(0.3, 0.5, 0.02)","(0.15, 0.5, 0.02)",Take the block that is coloured mustard and place it at [0.3 0.1],2,0,,"(-0.3, 0.23, 0.02)","(0.0, 0.23, 0.02)","(0.3, 0.1, 0.02)","(0.15, 0.5, 0.02)",0.3,"*** Observation *** 
Here is the initial position of each block and the end effector: 
Red Cube: (-0.3, 0.23)
Green Cube: (0.15, 0.5)
Blue Cube: (0.0, 0.23)
Yellow Cube: (0.3, 0.5)
End Effector: (0, 0.25)
Note - the arm itself is at 0,0. Assume that the x-axis determines left and right and the y-axis top and bottom."
223,"(0.15, 0.5, 0.02)","(-0.15, 0.1, 0.02)","(0.0, 0.5, 0.02)","(0.3, 0.1, 0.02)",Take the block that is coloured the color of warning signs and place it at [0.  0.1],2,0,,"(0.15, 0.5, 0.02)","(-0.15, 0.1, 0.02)","(0.0, 0.1, 0.02)","(0.3, 0.1, 0.02)",0.15,"*** Observation *** 
Here is the initial position of each block and the end effector: 
Red Cube: (0.15, 0.5)
Green Cube: (0.3, 0.1)
Blue Cube: (-0.15, 0.1)
Yellow Cube: (0.0, 0.5)
End Effector: (0, 0.25)
Note - the arm itself is at 0,0. Assume that the x-axis determines left and right and the y-axis top and bottom."
224,"(0.3, 0.23, 0.02)","(0.3, 0.37, 0.02)","(0.0, 0.23, 0.02)","(-0.15, 0.5, 0.02)",Take the block that is coloured the nature-colored ball and place it at [0.  0.1],3,0,,"(0.3, 0.23, 0.02)","(0.3, 0.37, 0.02)","(0.0, 0.23, 0.02)","(0.0, 0.1, 0.02)",0.13,"*** Observation *** 
Here is the initial position of each block and the end effector: 
Red Cube: (0.3, 0.23)
Green Cube: (-0.15, 0.5)
Blue Cube: (0.3, 0.37)
Yellow Cube: (0.0, 0.23)
End Effector: (0, 0.25)
Note - the arm itself is at 0,0. Assume that the x-axis determines left and right and the y-axis top and bottom."
225,"(0.3, 0.5, 0.02)","(-0.15, 0.37, 0.02)","(-0.15, 0.23, 0.02)","(-0.15, 0.5, 0.02)",Take the block that is coloured red and place it at [-0.3  0.5],0,0,,"(-0.3, 0.5, 0.02)","(-0.15, 0.37, 0.02)","(-0.15, 0.23, 0.02)","(-0.15, 0.5, 0.02)",0.13,"*** Observation *** 
Here is the initial position of each block and the end effector: 
Red Cube: (0.3, 0.5)
Green Cube: (-0.15, 0.5)
Blue Cube: (-0.15, 0.37)
Yellow Cube: (-0.15, 0.23)
End Effector: (0, 0.25)
Note - the arm itself is at 0,0. Assume that the x-axis determines left and right and the y-axis top and bottom."
226,"(-0.3, 0.1, 0.02)","(-0.15, 0.37, 0.02)","(0.3, 0.1, 0.02)","(0.0, 0.23, 0.02)",Take the block that is coloured cobalt and place it at [-0.15  0.1 ],1,0,,"(-0.3, 0.1, 0.02)","(-0.15, 0.1, 0.02)","(0.3, 0.1, 0.02)","(0.0, 0.23, 0.02)",0.15,"*** Observation *** 
Here is the initial position of each block and the end effector: 
Red Cube: (-0.3, 0.1)
Green Cube: (0.0, 0.23)
Blue Cube: (-0.15, 0.37)
Yellow Cube: (0.3, 0.1)
End Effector: (0, 0.25)
Note - the arm itself is at 0,0. Assume that the x-axis determines left and right and the y-axis top and bottom."
227,"(0.0, 0.1, 0.02)","(-0.15, 0.37, 0.02)","(0.0, 0.23, 0.02)","(-0.15, 0.23, 0.02)",Take the block that is coloured the color of warning signs and place it at [0.3        0.23333333],2,0,,"(0.0, 0.1, 0.02)","(-0.15, 0.37, 0.02)","(0.3, 0.23, 0.02)","(-0.15, 0.23, 0.02)",0.14,"*** Observation *** 
Here is the initial position of each block and the end effector: 
Red Cube: (0.0, 0.1)
Green Cube: (-0.15, 0.23)
Blue Cube: (-0.15, 0.37)
Yellow Cube: (0.0, 0.23)
End Effector: (0, 0.25)
Note - the arm itself is at 0,0. Assume that the x-axis determines left and right and the y-axis top and bottom."
228,"(-0.15, 0.23, 0.02)","(0.15, 0.5, 0.02)","(-0.15, 0.37, 0.02)","(0.0, 0.1, 0.02)","Take the block that is coloured yellow and place it -4 horizontally and 2 vertically relative to the block that is (0.0, -0.13333333333333336) from the yellow block",2,1,0,"(-0.15, 0.23, 0.02)","(0.15, 0.5, 0.02)","(-4.15, 2.23, 0.02)","(0.0, 0.1, 0.02)",0.2,"*** Observation *** 
Here is the initial position of each block and the end effector: 
Red Cube: (-0.15, 0.23)
Green Cube: (0.0, 0.1)
Blue Cube: (0.15, 0.5)
Yellow Cube: (-0.15, 0.37)
End Effector: (0, 0.25)
Note - the arm itself is at 0,0. Assume that the x-axis determines left and right and the y-axis top and bottom."
229,"(-0.3, 0.37, 0.02)","(0.15, 0.1, 0.02)","(-0.15, 0.5, 0.02)","(0.0, 0.23, 0.02)",Take the block that is coloured navy and place it -3 horizontally and 2 vertically relative to the block that is coloured mustard,1,1,2,"(-0.3, 0.37, 0.02)","(-3.15, 2.5, 0.02)","(-0.15, 0.5, 0.02)","(0.0, 0.23, 0.02)",0.2,"*** Observation *** 
Here is the initial position of each block and the end effector: 
Red Cube: (-0.3, 0.37)
Green Cube: (0.0, 0.23)
Blue Cube: (0.15, 0.1)
Yellow Cube: (-0.15, 0.5)
End Effector: (0, 0.25)
Note - the arm itself is at 0,0. Assume that the x-axis determines left and right and the y-axis top and bottom."
230,"(-0.3, 0.23, 0.02)","(0.3, 0.23, 0.02)","(0.3, 0.37, 0.02)","(0.0, 0.37, 0.02)",Take the block that is coloured red and place it at [-0.15        0.36666667],0,0,,"(-0.15, 0.37, 0.02)","(0.3, 0.23, 0.02)","(0.3, 0.37, 0.02)","(0.0, 0.37, 0.02)",0.14,"*** Observation *** 
Here is the initial position of each block and the end effector: 
Red Cube: (-0.3, 0.23)
Green Cube: (0.0, 0.37)
Blue Cube: (0.3, 0.23)
Yellow Cube: (0.3, 0.37)
End Effector: (0, 0.25)
Note - the arm itself is at 0,0. Assume that the x-axis determines left and right and the y-axis top and bottom."
231,"(-0.3, 0.37, 0.02)","(-0.15, 0.37, 0.02)","(-0.15, 0.23, 0.02)","(0.3, 0.1, 0.02)",Take the block that is coloured mustard and place it -2 horizontally and 3 vertically relative to the block that is leftmost,2,1,0,"(-0.3, 0.37, 0.02)","(-0.15, 0.37, 0.02)","(-2.3, 3.37, 0.02)","(0.3, 0.1, 0.02)",0.15,"*** Observation *** 
Here is the initial position of each block and the end effector: 
Red Cube: (-0.3, 0.37)
Green Cube: (0.3, 0.1)
Blue Cube: (-0.15, 0.37)
Yellow Cube: (-0.15, 0.23)
End Effector: (0, 0.25)
Note - the arm itself is at 0,0. Assume that the x-axis determines left and right and the y-axis top and bottom."
232,"(-0.15, 0.5, 0.02)","(0.0, 0.23, 0.02)","(0.3, 0.1, 0.02)","(-0.3, 0.1, 0.02)",Take the block that is coloured red and place it at [0.  0.5],0,0,,"(0.0, 0.5, 0.02)","(0.0, 0.23, 0.02)","(0.3, 0.1, 0.02)","(-0.3, 0.1, 0.02)",0.27,"*** Observation *** 
Here is the initial position of each block and the end effector: 
Red Cube: (-0.15, 0.5)
Green Cube: (-0.3, 0.1)
Blue Cube: (0.0, 0.23)
Yellow Cube: (0.3, 0.1)
End Effector: (0, 0.25)
Note - the arm itself is at 0,0. Assume that the x-axis determines left and right and the y-axis top and bottom."
233,"(0.0, 0.37, 0.02)","(0.3, 0.23, 0.02)","(0.0, 0.1, 0.02)","(0.3, 0.37, 0.02)","Take the block that is (-0.3, 0.0) from the green block and place it at [0.  0.5]",0,0,,"(0.0, 0.5, 0.02)","(0.3, 0.23, 0.02)","(0.0, 0.1, 0.02)","(0.3, 0.37, 0.02)",0.14,"*** Observation *** 
Here is the initial position of each block and the end effector: 
Red Cube: (0.0, 0.37)
Green Cube: (0.3, 0.37)
Blue Cube: (0.3, 0.23)
Yellow Cube: (0.0, 0.1)
End Effector: (0, 0.25)
Note - the arm itself is at 0,0. Assume that the x-axis determines left and right and the y-axis top and bottom."
234,"(0.0, 0.23, 0.02)","(-0.15, 0.1, 0.02)","(0.3, 0.23, 0.02)","(-0.3, 0.23, 0.02)",Take the block that is lowest and place it -1 horizontally and 3 vertically relative to the block that is coloured red,1,1,0,"(0.0, 0.23, 0.02)","(-1.0, 3.23, 0.02)","(0.3, 0.23, 0.02)","(-0.3, 0.23, 0.02)",0.3,"*** Observation *** 
Here is the initial position of each block and the end effector: 
Red Cube: (0.0, 0.23)
Green Cube: (-0.3, 0.23)
Blue Cube: (-0.15, 0.1)
Yellow Cube: (0.3, 0.23)
End Effector: (0, 0.25)
Note - the arm itself is at 0,0. Assume that the x-axis determines left and right and the y-axis top and bottom."
235,"(-0.15, 0.1, 0.02)","(0.15, 0.1, 0.02)","(-0.3, 0.5, 0.02)","(-0.15, 0.23, 0.02)",Take the block that is coloured green and place it at [0.15       0.23333333],3,0,,"(-0.15, 0.1, 0.02)","(0.15, 0.1, 0.02)","(-0.3, 0.5, 0.02)","(0.15, 0.23, 0.02)",0.13,"*** Observation *** 
Here is the initial position of each block and the end effector: 
Red Cube: (-0.15, 0.1)
Green Cube: (-0.15, 0.23)
Blue Cube: (0.15, 0.1)
Yellow Cube: (-0.3, 0.5)
End Effector: (0, 0.25)
Note - the arm itself is at 0,0. Assume that the x-axis determines left and right and the y-axis top and bottom."
236,"(0.3, 0.1, 0.02)","(-0.15, 0.23, 0.02)","(0.0, 0.23, 0.02)","(-0.3, 0.5, 0.02)",Take the block that is coloured the color of warning signs and place it between the blocks that are coloured red and coloured sky-colored,2,2,[0 1],"(0.3, 0.1, 0.02)","(-0.15, 0.23, 0.02)","(0.08, 0.17, 0.02)","(-0.3, 0.5, 0.02)",0.23,"*** Observation *** 
Here is the initial position of each block and the end effector: 
Red Cube: (0.3, 0.1)
Green Cube: (-0.3, 0.5)
Blue Cube: (-0.15, 0.23)
Yellow Cube: (0.0, 0.23)
End Effector: (0, 0.25)
Note - the arm itself is at 0,0. Assume that the x-axis determines left and right and the y-axis top and bottom."
237,"(0.15, 0.23, 0.02)","(0.3, 0.23, 0.02)","(0.0, 0.23, 0.02)","(0.3, 0.37, 0.02)","Take the block that is coloured red and place it between the blocks that are coloured green and (0.3, 0.0) from the yellow block",0,2,[3 1],"(-0.15, 0.5, 0.02)","(0.3, 0.23, 0.02)","(0.0, 0.23, 0.02)","(0.3, 0.37, 0.02)",0.14,"*** Observation *** 
Here is the initial position of each block and the end effector: 
Red Cube: (0.15, 0.23)
Green Cube: (0.3, 0.37)
Blue Cube: (0.3, 0.23)
Yellow Cube: (0.0, 0.23)
End Effector: (0, 0.25)
Note - the arm itself is at 0,0. Assume that the x-axis determines left and right and the y-axis top and bottom."
238,"(0.15, 0.5, 0.02)","(-0.15, 0.5, 0.02)","(-0.15, 0.1, 0.02)","(-0.3, 0.23, 0.02)",Take the block that is coloured lime and place it -3 horizontally and -2 vertically relative to the block that is coloured red,3,1,0,"(0.15, 0.5, 0.02)","(-0.15, 0.5, 0.02)","(-0.15, 0.1, 0.02)","(-2.85, -1.5, 0.02)",0.3,"*** Observation *** 
Here is the initial position of each block and the end effector: 
Red Cube: (0.15, 0.5)
Green Cube: (-0.3, 0.23)
Blue Cube: (-0.15, 0.5)
Yellow Cube: (-0.15, 0.1)
End Effector: (0, 0.25)
Note - the arm itself is at 0,0. Assume that the x-axis determines left and right and the y-axis top and bottom."
239,"(0.15, 0.37, 0.02)","(0.0, 0.1, 0.02)","(0.3, 0.23, 0.02)","(-0.15, 0.37, 0.02)",Take the block that is coloured red and place it between the blocks that are lowest and coloured jade,0,2,[1 3],"(0.3, 0.5, 0.02)","(0.0, 0.1, 0.02)","(0.3, 0.23, 0.02)","(-0.15, 0.37, 0.02)",0.27,"*** Observation *** 
Here is the initial position of each block and the end effector: 
Red Cube: (0.15, 0.37)
Green Cube: (-0.15, 0.37)
Blue Cube: (0.0, 0.1)
Yellow Cube: (0.3, 0.23)
End Effector: (0, 0.25)
Note - the arm itself is at 0,0. Assume that the x-axis determines left and right and the y-axis top and bottom."
240,"(-0.15, 0.5, 0.02)","(-0.3, 0.1, 0.02)","(0.0, 0.23, 0.02)","(0.15, 0.5, 0.02)",Take the block that is coloured yellow and place it at [-0.3  0.5],2,0,,"(-0.15, 0.5, 0.02)","(-0.3, 0.1, 0.02)","(-0.3, 0.5, 0.02)","(0.15, 0.5, 0.02)",0.15,"*** Observation *** 
Here is the initial position of each block and the end effector: 
Red Cube: (-0.15, 0.5)
Green Cube: (0.15, 0.5)
Blue Cube: (-0.3, 0.1)
Yellow Cube: (0.0, 0.23)
End Effector: (0, 0.25)
Note - the arm itself is at 0,0. Assume that the x-axis determines left and right and the y-axis top and bottom."
241,"(0.3, 0.5, 0.02)","(-0.15, 0.23, 0.02)","(-0.15, 0.5, 0.02)","(-0.15, 0.37, 0.02)",Take the block that is lowest and place it between the blocks that are coloured yellow and rightmost,1,2,[2 0],"(0.3, 0.5, 0.02)","(0.08, 0.5, 0.02)","(-0.15, 0.5, 0.02)","(-0.15, 0.37, 0.02)",0.13,"*** Observation *** 
Here is the initial position of each block and the end effector: 
Red Cube: (0.3, 0.5)
Green Cube: (-0.15, 0.37)
Blue Cube: (-0.15, 0.23)
Yellow Cube: (-0.15, 0.5)
End Effector: (0, 0.25)
Note - the arm itself is at 0,0. Assume that the x-axis determines left and right and the y-axis top and bottom."
242,"(0.0, 0.23, 0.02)","(0.0, 0.37, 0.02)","(0.15, 0.23, 0.02)","(0.3, 0.37, 0.02)","Take the block that is coloured yellow and place it between the blocks that are (-0.14999999999999997, 0.13333333333333336) from the yellow block and coloured green",2,2,[1 3],"(0.0, 0.23, 0.02)","(0.0, 0.37, 0.02)","(0.3, 0.5, 0.02)","(0.3, 0.37, 0.02)",0.13,"*** Observation *** 
Here is the initial position of each block and the end effector: 
Red Cube: (0.0, 0.23)
Green Cube: (0.3, 0.37)
Blue Cube: (0.0, 0.37)
Yellow Cube: (0.15, 0.23)
End Effector: (0, 0.25)
Note - the arm itself is at 0,0. Assume that the x-axis determines left and right and the y-axis top and bottom."
243,"(0.3, 0.5, 0.02)","(0.15, 0.5, 0.02)","(-0.3, 0.23, 0.02)","(0.0, 0.37, 0.02)",Take the block that is coloured green and place it at [0.3        0.36666667],3,0,,"(0.3, 0.5, 0.02)","(0.15, 0.5, 0.02)","(-0.3, 0.23, 0.02)","(0.3, 0.37, 0.02)",0.13,"*** Observation *** 
Here is the initial position of each block and the end effector: 
Red Cube: (0.3, 0.5)
Green Cube: (0.0, 0.37)
Blue Cube: (0.15, 0.5)
Yellow Cube: (-0.3, 0.23)
End Effector: (0, 0.25)
Note - the arm itself is at 0,0. Assume that the x-axis determines left and right and the y-axis top and bottom."
244,"(-0.3, 0.1, 0.02)","(0.3, 0.37, 0.02)","(0.3, 0.5, 0.02)","(0.0, 0.1, 0.02)",Take the block that is coloured red and place it -2 horizontally and 3 vertically relative to the block that is coloured the sad one,0,1,1,"(-1.7, 3.37, 0.02)","(0.3, 0.37, 0.02)","(0.3, 0.5, 0.02)","(0.0, 0.1, 0.02)",0.13,"*** Observation *** 
Here is the initial position of each block and the end effector: 
Red Cube: (-0.3, 0.1)
Green Cube: (0.0, 0.1)
Blue Cube: (0.3, 0.37)
Yellow Cube: (0.3, 0.5)
End Effector: (0, 0.25)
Note - the arm itself is at 0,0. Assume that the x-axis determines left and right and the y-axis top and bottom."
245,"(0.3, 0.1, 0.02)","(-0.3, 0.1, 0.02)","(0.0, 0.23, 0.02)","(-0.3, 0.23, 0.02)",Take the block that is coloured green and place it at [-0.3  0.5],3,0,,"(0.3, 0.1, 0.02)","(-0.3, 0.1, 0.02)","(0.0, 0.23, 0.02)","(-0.3, 0.5, 0.02)",0.33,"*** Observation *** 
Here is the initial position of each block and the end effector: 
Red Cube: (0.3, 0.1)
Green Cube: (-0.3, 0.23)
Blue Cube: (-0.3, 0.1)
Yellow Cube: (0.0, 0.23)
End Effector: (0, 0.25)
Note - the arm itself is at 0,0. Assume that the x-axis determines left and right and the y-axis top and bottom."
246,"(-0.3, 0.37, 0.02)","(0.0, 0.37, 0.02)","(-0.15, 0.1, 0.02)","(0.3, 0.5, 0.02)",Take the block that is coloured blue and place it at [0.3 0.1],1,0,,"(-0.3, 0.37, 0.02)","(0.3, 0.1, 0.02)","(-0.15, 0.1, 0.02)","(0.3, 0.5, 0.02)",0.31,"*** Observation *** 
Here is the initial position of each block and the end effector: 
Red Cube: (-0.3, 0.37)
Green Cube: (0.3, 0.5)
Blue Cube: (0.0, 0.37)
Yellow Cube: (-0.15, 0.1)
End Effector: (0, 0.25)
Note - the arm itself is at 0,0. Assume that the x-axis determines left and right and the y-axis top and bottom."
247,"(0.0, 0.1, 0.02)","(0.15, 0.1, 0.02)","(0.0, 0.23, 0.02)","(0.15, 0.23, 0.02)",Take the block that is coloured the color of warning signs and place it at [-0.3  0.5],2,0,,"(0.0, 0.1, 0.02)","(0.15, 0.1, 0.02)","(-0.3, 0.5, 0.02)","(0.15, 0.23, 0.02)",0.13,"*** Observation *** 
Here is the initial position of each block and the end effector: 
Red Cube: (0.0, 0.1)
Green Cube: (0.15, 0.23)
Blue Cube: (0.15, 0.1)
Yellow Cube: (0.0, 0.23)
End Effector: (0, 0.25)
Note - the arm itself is at 0,0. Assume that the x-axis determines left and right and the y-axis top and bottom."
248,"(0.3, 0.5, 0.02)","(-0.15, 0.23, 0.02)","(0.0, 0.23, 0.02)","(0.3, 0.23, 0.02)",Take the block that is coloured blue and place it at [0.3        0.36666667],1,0,,"(0.3, 0.5, 0.02)","(0.3, 0.37, 0.02)","(0.0, 0.23, 0.02)","(0.3, 0.23, 0.02)",0.13,"*** Observation *** 
Here is the initial position of each block and the end effector: 
Red Cube: (0.3, 0.5)
Green Cube: (0.3, 0.23)
Blue Cube: (-0.15, 0.23)
Yellow Cube: (0.0, 0.23)
End Effector: (0, 0.25)
Note - the arm itself is at 0,0. Assume that the x-axis determines left and right and the y-axis top and bottom."
249,"(0.0, 0.37, 0.02)","(0.0, 0.23, 0.02)","(-0.15, 0.5, 0.02)","(-0.15, 0.23, 0.02)","Take the block that is (0.15, 0.13333333333333336) from the green block and place it at [-0.3         0.36666667]",0,0,,"(-0.3, 0.37, 0.02)","(0.0, 0.23, 0.02)","(-0.15, 0.5, 0.02)","(-0.15, 0.23, 0.02)",0.15,"*** Observation *** 
Here is the initial position of each block and the end effector: 
Red Cube: (0.0, 0.37)
Green Cube: (-0.15, 0.23)
Blue Cube: (0.0, 0.23)
Yellow Cube: (-0.15, 0.5)
End Effector: (0, 0.25)
Note - the arm itself is at 0,0. Assume that the x-axis determines left and right and the y-axis top and bottom."
250,"(0.3, 0.37, 0.02)","(0.15, 0.5, 0.02)","(-0.3, 0.37, 0.02)","(-0.15, 0.5, 0.02)",Take the block that is coloured the colour of the US democratic party and place it at [-0.3  0.1],1,0,,"(0.3, 0.37, 0.02)","(-0.3, 0.1, 0.02)","(-0.3, 0.37, 0.02)","(-0.15, 0.5, 0.02)",0.2,"*** Observation *** 
Here is the initial position of each block and the end effector: 
Red Cube: (0.3, 0.37)
Green Cube: (-0.15, 0.5)
Blue Cube: (0.15, 0.5)
Yellow Cube: (-0.3, 0.37)
End Effector: (0, 0.25)
Note - the arm itself is at 0,0. Assume that the x-axis determines left and right and the y-axis top and bottom."
251,"(0.0, 0.37, 0.02)","(-0.15, 0.5, 0.02)","(0.0, 0.5, 0.02)","(-0.3, 0.23, 0.02)","Take the block that is coloured the colour that signifies 'go' and place it between the blocks that are coloured red and (0.15, 0.26666666666666666) from the green block",3,2,[0 1],"(0.0, 0.37, 0.02)","(-0.15, 0.5, 0.02)","(0.0, 0.5, 0.02)","(-0.15, 0.23, 0.02)",0.13,"*** Observation *** 
Here is the initial position of each block and the end effector: 
Red Cube: (0.0, 0.37)
Green Cube: (-0.3, 0.23)
Blue Cube: (-0.15, 0.5)
Yellow Cube: (0.0, 0.5)
End Effector: (0, 0.25)
Note - the arm itself is at 0,0. Assume that the x-axis determines left and right and the y-axis top and bottom."
252,"(-0.3, 0.5, 0.02)","(0.3, 0.5, 0.02)","(0.3, 0.1, 0.02)","(0.15, 0.23, 0.02)",Take the block that is coloured green and place it at [0.15 0.1 ],3,0,,"(-0.3, 0.5, 0.02)","(0.3, 0.5, 0.02)","(0.3, 0.1, 0.02)","(0.15, 0.1, 0.02)",0.15,"*** Observation *** 
Here is the initial position of each block and the end effector: 
Red Cube: (-0.3, 0.5)
Green Cube: (0.15, 0.23)
Blue Cube: (0.3, 0.5)
Yellow Cube: (0.3, 0.1)
End Effector: (0, 0.25)
Note - the arm itself is at 0,0. Assume that the x-axis determines left and right and the y-axis top and bottom."
253,"(-0.3, 0.5, 0.02)","(-0.15, 0.23, 0.02)","(-0.15, 0.1, 0.02)","(0.15, 0.23, 0.02)",Take the block that is coloured iceberg-colored and place it at [0.  0.1],1,0,,"(-0.3, 0.5, 0.02)","(0.0, 0.1, 0.02)","(-0.15, 0.1, 0.02)","(0.15, 0.23, 0.02)",0.15,"*** Observation *** 
Here is the initial position of each block and the end effector: 
Red Cube: (-0.3, 0.5)
Green Cube: (0.15, 0.23)
Blue Cube: (-0.15, 0.23)
Yellow Cube: (-0.15, 0.1)
End Effector: (0, 0.25)
Note - the arm itself is at 0,0. Assume that the x-axis determines left and right and the y-axis top and bottom."
254,"(0.15, 0.23, 0.02)","(-0.15, 0.23, 0.02)","(-0.15, 0.5, 0.02)","(0.3, 0.1, 0.02)",Take the block that is coloured green and place it at [0.         0.36666667],3,0,,"(0.15, 0.23, 0.02)","(-0.15, 0.23, 0.02)","(-0.15, 0.5, 0.02)","(0.0, 0.37, 0.02)",0.2,"*** Observation *** 
Here is the initial position of each block and the end effector: 
Red Cube: (0.15, 0.23)
Green Cube: (0.3, 0.1)
Blue Cube: (-0.15, 0.23)
Yellow Cube: (-0.15, 0.5)
End Effector: (0, 0.25)
Note - the arm itself is at 0,0. Assume that the x-axis determines left and right and the y-axis top and bottom."
255,"(0.15, 0.37, 0.02)","(0.3, 0.5, 0.02)","(0.0, 0.23, 0.02)","(0.0, 0.1, 0.02)",Take the block that is coloured blue and place it between the blocks that are coloured red and lowest,1,2,[0 3],"(0.15, 0.37, 0.02)","(0.15, 0.5, 0.02)","(0.0, 0.23, 0.02)","(0.0, 0.1, 0.02)",0.13,"*** Observation *** 
Here is the initial position of each block and the end effector: 
Red Cube: (0.15, 0.37)
Green Cube: (0.0, 0.1)
Blue Cube: (0.3, 0.5)
Yellow Cube: (0.0, 0.23)
End Effector: (0, 0.25)
Note - the arm itself is at 0,0. Assume that the x-axis determines left and right and the y-axis top and bottom."
256,"(-0.3, 0.1, 0.02)","(0.0, 0.37, 0.02)","(0.15, 0.23, 0.02)","(0.3, 0.1, 0.02)",Take the block that is coloured scarlet and place it at [0.3        0.36666667],0,0,,"(0.3, 0.37, 0.02)","(0.0, 0.37, 0.02)","(0.15, 0.23, 0.02)","(0.3, 0.1, 0.02)",0.2,"*** Observation *** 
Here is the initial position of each block and the end effector: 
Red Cube: (-0.3, 0.1)
Green Cube: (0.3, 0.1)
Blue Cube: (0.0, 0.37)
Yellow Cube: (0.15, 0.23)
End Effector: (0, 0.25)
Note - the arm itself is at 0,0. Assume that the x-axis determines left and right and the y-axis top and bottom."
257,"(0.15, 0.23, 0.02)","(0.15, 0.1, 0.02)","(-0.3, 0.23, 0.02)","(0.15, 0.37, 0.02)",Take the block that is coloured the color of Mars and place it at [-0.15        0.36666667],0,0,,"(-0.15, 0.37, 0.02)","(0.15, 0.1, 0.02)","(-0.3, 0.23, 0.02)","(0.15, 0.37, 0.02)",0.21,"*** Observation *** 
Here is the initial position of each block and the end effector: 
Red Cube: (0.15, 0.23)
Green Cube: (0.15, 0.37)
Blue Cube: (0.15, 0.1)
Yellow Cube: (-0.3, 0.23)
End Effector: (0, 0.25)
Note - the arm itself is at 0,0. Assume that the x-axis determines left and right and the y-axis top and bottom."
258,"(-0.3, 0.23, 0.02)","(0.3, 0.1, 0.02)","(-0.15, 0.37, 0.02)","(0.0, 0.23, 0.02)",Take the block that is coloured red and place it at [0.15       0.36666667],0,0,,"(0.15, 0.37, 0.02)","(0.3, 0.1, 0.02)","(-0.15, 0.37, 0.02)","(0.0, 0.23, 0.02)",0.21,"*** Observation *** 
Here is the initial position of each block and the end effector: 
Red Cube: (-0.3, 0.23)
Green Cube: (0.0, 0.23)
Blue Cube: (0.3, 0.1)
Yellow Cube: (-0.15, 0.37)
End Effector: (0, 0.25)
Note - the arm itself is at 0,0. Assume that the x-axis determines left and right and the y-axis top and bottom."
259,"(0.3, 0.5, 0.02)","(0.15, 0.23, 0.02)","(-0.15, 0.23, 0.02)","(0.0, 0.37, 0.02)",Take the block that is coloured cobalt and place it -3 horizontally and -3 vertically relative to the block that is coloured green,1,1,3,"(0.3, 0.5, 0.02)","(-3.0, -2.63, 0.02)","(-0.15, 0.23, 0.02)","(0.0, 0.37, 0.02)",0.21,"*** Observation *** 
Here is the initial position of each block and the end effector: 
Red Cube: (0.3, 0.5)
Green Cube: (0.0, 0.37)
Blue Cube: (0.15, 0.23)
Yellow Cube: (-0.15, 0.23)
End Effector: (0, 0.25)
Note - the arm itself is at 0,0. Assume that the x-axis determines left and right and the y-axis top and bottom."
260,"(0.0, 0.5, 0.02)","(0.15, 0.37, 0.02)","(0.15, 0.1, 0.02)","(-0.15, 0.37, 0.02)",Take the block that is coloured ruby and place it between the blocks that are coloured yellow and coloured green,0,2,[2 3],"(0.15, 0.5, 0.02)","(0.15, 0.37, 0.02)","(0.15, 0.1, 0.02)","(-0.15, 0.37, 0.02)",0.13,"*** Observation *** 
Here is the initial position of each block and the end effector: 
Red Cube: (0.0, 0.5)
Green Cube: (-0.15, 0.37)
Blue Cube: (0.15, 0.37)
Yellow Cube: (0.15, 0.1)
End Effector: (0, 0.25)
Note - the arm itself is at 0,0. Assume that the x-axis determines left and right and the y-axis top and bottom."
261,"(0.0, 0.23, 0.02)","(0.0, 0.37, 0.02)","(0.15, 0.1, 0.02)","(0.3, 0.1, 0.02)",Take the block that is coloured red and place it 2 horizontally and -3 vertically relative to the block that is coloured navy,0,1,1,"(2.0, -2.63, 0.02)","(0.0, 0.37, 0.02)","(0.15, 0.1, 0.02)","(0.3, 0.1, 0.02)",0.15,"*** Observation *** 
Here is the initial position of each block and the end effector: 
Red Cube: (0.0, 0.23)
Green Cube: (0.3, 0.1)
Blue Cube: (0.0, 0.37)
Yellow Cube: (0.15, 0.1)
End Effector: (0, 0.25)
Note - the arm itself is at 0,0. Assume that the x-axis determines left and right and the y-axis top and bottom."
262,"(-0.3, 0.1, 0.02)","(0.3, 0.1, 0.02)","(-0.15, 0.1, 0.02)","(-0.3, 0.37, 0.02)",Take the block that is highest and place it at [0.3        0.23333333],3,0,,"(-0.3, 0.1, 0.02)","(0.3, 0.1, 0.02)","(-0.15, 0.1, 0.02)","(0.3, 0.23, 0.02)",0.13,"*** Observation *** 
Here is the initial position of each block and the end effector: 
Red Cube: (-0.3, 0.1)
Green Cube: (-0.3, 0.37)
Blue Cube: (0.3, 0.1)
Yellow Cube: (-0.15, 0.1)
End Effector: (0, 0.25)
Note - the arm itself is at 0,0. Assume that the x-axis determines left and right and the y-axis top and bottom."
263,"(0.3, 0.1, 0.02)","(0.15, 0.5, 0.02)","(0.3, 0.23, 0.02)","(0.3, 0.5, 0.02)",Take the block that is leftmost and place it at [0.  0.1],1,0,,"(0.3, 0.1, 0.02)","(0.0, 0.1, 0.02)","(0.3, 0.23, 0.02)","(0.3, 0.5, 0.02)",0.13,"*** Observation *** 
Here is the initial position of each block and the end effector: 
Red Cube: (0.3, 0.1)
Green Cube: (0.3, 0.5)
Blue Cube: (0.15, 0.5)
Yellow Cube: (0.3, 0.23)
End Effector: (0, 0.25)
Note - the arm itself is at 0,0. Assume that the x-axis determines left and right and the y-axis top and bottom."
264,"(0.3, 0.37, 0.02)","(0.15, 0.37, 0.02)","(-0.3, 0.23, 0.02)","(0.3, 0.23, 0.02)",Take the block that is coloured green and place it -4 horizontally and 2 vertically relative to the block that is coloured ocean ball,3,1,1,"(0.3, 0.37, 0.02)","(0.15, 0.37, 0.02)","(-0.3, 0.23, 0.02)","(-3.85, 2.37, 0.02)",0.15,"*** Observation *** 
Here is the initial position of each block and the end effector: 
Red Cube: (0.3, 0.37)
Green Cube: (0.3, 0.23)
Blue Cube: (0.15, 0.37)
Yellow Cube: (-0.3, 0.23)
End Effector: (0, 0.25)
Note - the arm itself is at 0,0. Assume that the x-axis determines left and right and the y-axis top and bottom."
265,"(-0.3, 0.1, 0.02)","(0.15, 0.23, 0.02)","(0.15, 0.5, 0.02)","(0.0, 0.23, 0.02)",Take the block that is coloured yellow and place it at [0.3        0.36666667],2,0,,"(-0.3, 0.1, 0.02)","(0.15, 0.23, 0.02)","(0.3, 0.37, 0.02)","(0.0, 0.23, 0.02)",0.15,"*** Observation *** 
Here is the initial position of each block and the end effector: 
Red Cube: (-0.3, 0.1)
Green Cube: (0.0, 0.23)
Blue Cube: (0.15, 0.23)
Yellow Cube: (0.15, 0.5)
End Effector: (0, 0.25)
Note - the arm itself is at 0,0. Assume that the x-axis determines left and right and the y-axis top and bottom."
266,"(-0.3, 0.37, 0.02)","(0.3, 0.23, 0.02)","(-0.15, 0.5, 0.02)","(0.3, 0.1, 0.02)",Take the block that is lowest and place it -1 horizontally and -2 vertically relative to the block that is coloured gold,3,1,2,"(-0.3, 0.37, 0.02)","(0.3, 0.23, 0.02)","(-0.15, 0.5, 0.02)","(-1.15, -1.5, 0.02)",0.2,"*** Observation *** 
Here is the initial position of each block and the end effector: 
Red Cube: (-0.3, 0.37)
Green Cube: (0.3, 0.1)
Blue Cube: (0.3, 0.23)
Yellow Cube: (-0.15, 0.5)
End Effector: (0, 0.25)
Note - the arm itself is at 0,0. Assume that the x-axis determines left and right and the y-axis top and bottom."
267,"(0.15, 0.1, 0.02)","(-0.15, 0.23, 0.02)","(-0.3, 0.23, 0.02)","(0.0, 0.37, 0.02)",Take the block that is coloured navy and place it between the blocks that are coloured banana-colored and coloured red,1,2,[2 0],"(0.15, 0.1, 0.02)","(0.0, 0.5, 0.02)","(-0.3, 0.23, 0.02)","(0.0, 0.37, 0.02)",0.13,"*** Observation *** 
Here is the initial position of each block and the end effector: 
Red Cube: (0.15, 0.1)
Green Cube: (0.0, 0.37)
Blue Cube: (-0.15, 0.23)
Yellow Cube: (-0.3, 0.23)
End Effector: (0, 0.25)
Note - the arm itself is at 0,0. Assume that the x-axis determines left and right and the y-axis top and bottom."
268,"(-0.15, 0.5, 0.02)","(0.0, 0.5, 0.02)","(0.0, 0.1, 0.02)","(-0.3, 0.1, 0.02)",Take the block that is coloured blue and place it at [0.3        0.36666667],1,0,,"(-0.15, 0.5, 0.02)","(0.3, 0.37, 0.02)","(0.0, 0.1, 0.02)","(-0.3, 0.1, 0.02)",0.3,"*** Observation *** 
Here is the initial position of each block and the end effector: 
Red Cube: (-0.15, 0.5)
Green Cube: (-0.3, 0.1)
Blue Cube: (0.0, 0.5)
Yellow Cube: (0.0, 0.1)
End Effector: (0, 0.25)
Note - the arm itself is at 0,0. Assume that the x-axis determines left and right and the y-axis top and bottom."
269,"(-0.3, 0.1, 0.02)","(-0.15, 0.5, 0.02)","(0.3, 0.37, 0.02)","(0.0, 0.37, 0.02)",Take the block that is coloured blood-colored and place it -2 horizontally and 1 vertically relative to the block that is highest,0,1,1,"(-2.15, 1.5, 0.02)","(-0.15, 0.5, 0.02)","(0.3, 0.37, 0.02)","(0.0, 0.37, 0.02)",0.2,"*** Observation *** 
Here is the initial position of each block and the end effector: 
Red Cube: (-0.3, 0.1)
Green Cube: (0.0, 0.37)
Blue Cube: (-0.15, 0.5)
Yellow Cube: (0.3, 0.37)
End Effector: (0, 0.25)
Note - the arm itself is at 0,0. Assume that the x-axis determines left and right and the y-axis top and bottom."
270,"(0.15, 0.37, 0.02)","(-0.3, 0.1, 0.02)","(0.0, 0.5, 0.02)","(0.0, 0.1, 0.02)",Take the block that is coloured green and place it -1 horizontally and -2 vertically relative to the block that is coloured lemon,3,1,2,"(0.15, 0.37, 0.02)","(-0.3, 0.1, 0.02)","(0.0, 0.5, 0.02)","(-1.0, -1.5, 0.02)",0.2,"*** Observation *** 
Here is the initial position of each block and the end effector: 
Red Cube: (0.15, 0.37)
Green Cube: (0.0, 0.1)
Blue Cube: (-0.3, 0.1)
Yellow Cube: (0.0, 0.5)
End Effector: (0, 0.25)
Note - the arm itself is at 0,0. Assume that the x-axis determines left and right and the y-axis top and bottom."
271,"(-0.15, 0.23, 0.02)","(-0.15, 0.1, 0.02)","(0.0, 0.23, 0.02)","(0.0, 0.5, 0.02)",Take the block that is coloured blue and place it at [0.15 0.1 ],1,0,,"(-0.15, 0.23, 0.02)","(0.15, 0.1, 0.02)","(0.0, 0.23, 0.02)","(0.0, 0.5, 0.02)",0.15,"*** Observation *** 
Here is the initial position of each block and the end effector: 
Red Cube: (-0.15, 0.23)
Green Cube: (0.0, 0.5)
Blue Cube: (-0.15, 0.1)
Yellow Cube: (0.0, 0.23)
End Effector: (0, 0.25)
Note - the arm itself is at 0,0. Assume that the x-axis determines left and right and the y-axis top and bottom."
272,"(-0.15, 0.23, 0.02)","(0.3, 0.37, 0.02)","(0.15, 0.1, 0.02)","(0.0, 0.23, 0.02)",Take the block that is coloured yellow and place it 3 horizontally and -4 vertically relative to the block that is coloured crimson,2,1,0,"(-0.15, 0.23, 0.02)","(0.3, 0.37, 0.02)","(2.85, -3.77, 0.02)","(0.0, 0.23, 0.02)",0.15,"*** Observation *** 
Here is the initial position of each block and the end effector: 
Red Cube: (-0.15, 0.23)
Green Cube: (0.0, 0.23)
Blue Cube: (0.3, 0.37)
Yellow Cube: (0.15, 0.1)
End Effector: (0, 0.25)
Note - the arm itself is at 0,0. Assume that the x-axis determines left and right and the y-axis top and bottom."
273,"(-0.15, 0.1, 0.02)","(0.15, 0.23, 0.02)","(-0.3, 0.37, 0.02)","(0.15, 0.5, 0.02)",Take the block that is lowest and place it at [-0.15  0.5 ],0,0,,"(-0.15, 0.5, 0.02)","(0.15, 0.23, 0.02)","(-0.3, 0.37, 0.02)","(0.15, 0.5, 0.02)",0.2,"*** Observation *** 
Here is the initial position of each block and the end effector: 
Red Cube: (-0.15, 0.1)
Green Cube: (0.15, 0.5)
Blue Cube: (0.15, 0.23)
Yellow Cube: (-0.3, 0.37)
End Effector: (0, 0.25)
Note - the arm itself is at 0,0. Assume that the x-axis determines left and right and the y-axis top and bottom."
274,"(0.15, 0.23, 0.02)","(0.0, 0.1, 0.02)","(0.3, 0.23, 0.02)","(-0.15, 0.37, 0.02)",Take the block that is leftmost and place it 3 horizontally and 3 vertically relative to the block that is coloured yellow,3,1,2,"(0.15, 0.23, 0.02)","(0.0, 0.1, 0.02)","(0.3, 0.23, 0.02)","(3.3, 3.23, 0.02)",0.15,"*** Observation *** 
Here is the initial position of each block and the end effector: 
Red Cube: (0.15, 0.23)
Green Cube: (-0.15, 0.37)
Blue Cube: (0.0, 0.1)
Yellow Cube: (0.3, 0.23)
End Effector: (0, 0.25)
Note - the arm itself is at 0,0. Assume that the x-axis determines left and right and the y-axis top and bottom."
275,"(0.0, 0.5, 0.02)","(-0.3, 0.5, 0.02)","(0.15, 0.23, 0.02)","(-0.15, 0.5, 0.02)",Take the block that is coloured associated with brightness and place it at [-0.3         0.36666667],2,0,,"(0.0, 0.5, 0.02)","(-0.3, 0.5, 0.02)","(-0.3, 0.37, 0.02)","(-0.15, 0.5, 0.02)",0.13,"*** Observation *** 
Here is the initial position of each block and the end effector: 
Red Cube: (0.0, 0.5)
Green Cube: (-0.15, 0.5)
Blue Cube: (-0.3, 0.5)
Yellow Cube: (0.15, 0.23)
End Effector: (0, 0.25)
Note - the arm itself is at 0,0. Assume that the x-axis determines left and right and the y-axis top and bottom."
276,"(0.15, 0.23, 0.02)","(-0.3, 0.23, 0.02)","(0.15, 0.37, 0.02)","(0.3, 0.37, 0.02)",Take the block that is coloured green and place it between the blocks that are coloured red and coloured blue,3,2,[0 1],"(0.15, 0.23, 0.02)","(-0.3, 0.23, 0.02)","(0.15, 0.37, 0.02)","(-0.08, 0.23, 0.02)",0.14,"*** Observation *** 
Here is the initial position of each block and the end effector: 
Red Cube: (0.15, 0.23)
Green Cube: (0.3, 0.37)
Blue Cube: (-0.3, 0.23)
Yellow Cube: (0.15, 0.37)
End Effector: (0, 0.25)
Note - the arm itself is at 0,0. Assume that the x-axis determines left and right and the y-axis top and bottom."
277,"(0.3, 0.37, 0.02)","(0.0, 0.5, 0.02)","(0.0, 0.1, 0.02)","(-0.3, 0.1, 0.02)",Take the block that is coloured green and place it 2 horizontally and -2 vertically relative to the block that is coloured the colour of the US democratic party,3,1,1,"(0.3, 0.37, 0.02)","(0.0, 0.5, 0.02)","(0.0, 0.1, 0.02)","(2.0, -1.5, 0.02)",0.33,"*** Observation *** 
Here is the initial position of each block and the end effector: 
Red Cube: (0.3, 0.37)
Green Cube: (-0.3, 0.1)
Blue Cube: (0.0, 0.5)
Yellow Cube: (0.0, 0.1)
End Effector: (0, 0.25)
Note - the arm itself is at 0,0. Assume that the x-axis determines left and right and the y-axis top and bottom."
278,"(0.15, 0.23, 0.02)","(0.0, 0.5, 0.02)","(-0.15, 0.23, 0.02)","(0.15, 0.1, 0.02)",Take the block that is lowest and place it at [-0.3  0.1],3,0,,"(0.15, 0.23, 0.02)","(0.0, 0.5, 0.02)","(-0.15, 0.23, 0.02)","(-0.3, 0.1, 0.02)",0.2,"*** Observation *** 
Here is the initial position of each block and the end effector: 
Red Cube: (0.15, 0.23)
Green Cube: (0.15, 0.1)
Blue Cube: (0.0, 0.5)
Yellow Cube: (-0.15, 0.23)
End Effector: (0, 0.25)
Note - the arm itself is at 0,0. Assume that the x-axis determines left and right and the y-axis top and bottom."
279,"(-0.15, 0.5, 0.02)","(0.0, 0.37, 0.02)","(-0.3, 0.5, 0.02)","(0.15, 0.1, 0.02)","Take the block that is rightmost and place it 2 horizontally and -3 vertically relative to the block that is (-0.15, 0.1333333333333333) from the blue block",3,1,0,"(-0.15, 0.5, 0.02)","(0.0, 0.37, 0.02)","(-0.3, 0.5, 0.02)","(1.85, -2.5, 0.02)",0.15,"*** Observation *** 
Here is the initial position of each block and the end effector: 
Red Cube: (-0.15, 0.5)
Green Cube: (0.15, 0.1)
Blue Cube: (0.0, 0.37)
Yellow Cube: (-0.3, 0.5)
End Effector: (0, 0.25)
Note - the arm itself is at 0,0. Assume that the x-axis determines left and right and the y-axis top and bottom."
280,"(0.3, 0.1, 0.02)","(-0.15, 0.5, 0.02)","(0.3, 0.23, 0.02)","(-0.3, 0.5, 0.02)","Take the block that is (-0.44999999999999996, 0.26666666666666666) from the yellow block and place it at [0.3 0.5]",1,0,,"(0.3, 0.1, 0.02)","(0.3, 0.5, 0.02)","(0.3, 0.23, 0.02)","(-0.3, 0.5, 0.02)",0.13,"*** Observation *** 
Here is the initial position of each block and the end effector: 
Red Cube: (0.3, 0.1)
Green Cube: (-0.3, 0.5)
Blue Cube: (-0.15, 0.5)
Yellow Cube: (0.3, 0.23)
End Effector: (0, 0.25)
Note - the arm itself is at 0,0. Assume that the x-axis determines left and right and the y-axis top and bottom."
281,"(-0.3, 0.37, 0.02)","(0.0, 0.23, 0.02)","(0.0, 0.37, 0.02)","(-0.3, 0.5, 0.02)",Take the block that is coloured yellow and place it between the blocks that are coloured blue and coloured the nature-colored ball,2,2,[1 3],"(-0.3, 0.37, 0.02)","(0.0, 0.23, 0.02)","(-0.3, 0.23, 0.02)","(-0.3, 0.5, 0.02)",0.13,"*** Observation *** 
Here is the initial position of each block and the end effector: 
Red Cube: (-0.3, 0.37)
Green Cube: (-0.3, 0.5)
Blue Cube: (0.0, 0.23)
Yellow Cube: (0.0, 0.37)
End Effector: (0, 0.25)
Note - the arm itself is at 0,0. Assume that the x-axis determines left and right and the y-axis top and bottom."
282,"(-0.15, 0.23, 0.02)","(0.3, 0.37, 0.02)","(-0.3, 0.5, 0.02)","(0.15, 0.37, 0.02)",Take the block that is coloured the police-colored one and place it at [0.15 0.1 ],1,0,,"(-0.15, 0.23, 0.02)","(0.15, 0.1, 0.02)","(-0.3, 0.5, 0.02)","(0.15, 0.37, 0.02)",0.27,"*** Observation *** 
Here is the initial position of each block and the end effector: 
Red Cube: (-0.15, 0.23)
Green Cube: (0.15, 0.37)
Blue Cube: (0.3, 0.37)
Yellow Cube: (-0.3, 0.5)
End Effector: (0, 0.25)
Note - the arm itself is at 0,0. Assume that the x-axis determines left and right and the y-axis top and bottom."
283,"(0.0, 0.1, 0.02)","(-0.3, 0.1, 0.02)","(-0.15, 0.5, 0.02)","(-0.15, 0.37, 0.02)",Take the block that is coloured the color of money and place it -2 horizontally and -2 vertically relative to the block that is coloured red,3,1,0,"(0.0, 0.1, 0.02)","(-0.3, 0.1, 0.02)","(-0.15, 0.5, 0.02)","(-2.0, -1.9, 0.02)",0.3,"*** Observation *** 
Here is the initial position of each block and the end effector: 
Red Cube: (0.0, 0.1)
Green Cube: (-0.15, 0.37)
Blue Cube: (-0.3, 0.1)
Yellow Cube: (-0.15, 0.5)
End Effector: (0, 0.25)
Note - the arm itself is at 0,0. Assume that the x-axis determines left and right and the y-axis top and bottom."
284,"(0.3, 0.37, 0.02)","(0.0, 0.23, 0.02)","(-0.3, 0.23, 0.02)","(0.0, 0.37, 0.02)",Take the block that is coloured sunflower-hued and place it 3 horizontally and -3 vertically relative to the block that is coloured red,2,1,0,"(0.3, 0.37, 0.02)","(0.0, 0.23, 0.02)","(3.3, -2.63, 0.02)","(0.0, 0.37, 0.02)",0.14,"*** Observation *** 
Here is the initial position of each block and the end effector: 
Red Cube: (0.3, 0.37)
Green Cube: (0.0, 0.37)
Blue Cube: (0.0, 0.23)
Yellow Cube: (-0.3, 0.23)
End Effector: (0, 0.25)
Note - the arm itself is at 0,0. Assume that the x-axis determines left and right and the y-axis top and bottom."
285,"(0.3, 0.5, 0.02)","(0.15, 0.37, 0.02)","(-0.3, 0.23, 0.02)","(-0.15, 0.1, 0.02)",Take the block that is coloured the sad one and place it at [0.15       0.23333333],1,0,,"(0.3, 0.5, 0.02)","(0.15, 0.23, 0.02)","(-0.3, 0.23, 0.02)","(-0.15, 0.1, 0.02)",0.2,"*** Observation *** 
Here is the initial position of each block and the end effector: 
Red Cube: (0.3, 0.5)
Green Cube: (-0.15, 0.1)
Blue Cube: (0.15, 0.37)
Yellow Cube: (-0.3, 0.23)
End Effector: (0, 0.25)
Note - the arm itself is at 0,0. Assume that the x-axis determines left and right and the y-axis top and bottom."
286,"(0.15, 0.37, 0.02)","(0.0, 0.5, 0.02)","(0.15, 0.23, 0.02)","(-0.15, 0.23, 0.02)",Take the block that is coloured yellow and place it at [0.         0.23333333],2,0,,"(0.15, 0.37, 0.02)","(0.0, 0.5, 0.02)","(0.0, 0.23, 0.02)","(-0.15, 0.23, 0.02)",0.15,"*** Observation *** 
Here is the initial position of each block and the end effector: 
Red Cube: (0.15, 0.37)
Green Cube: (-0.15, 0.23)
Blue Cube: (0.0, 0.5)
Yellow Cube: (0.15, 0.23)
End Effector: (0, 0.25)
Note - the arm itself is at 0,0. Assume that the x-axis determines left and right and the y-axis top and bottom."
287,"(-0.15, 0.5, 0.02)","(-0.3, 0.37, 0.02)","(-0.3, 0.5, 0.02)","(0.0, 0.23, 0.02)","Take the block that is coloured yellow and place it 3 horizontally and -1 vertically relative to the block that is (0.15, 0.0) from the yellow block",2,1,0,"(-0.15, 0.5, 0.02)","(-0.3, 0.37, 0.02)","(2.85, -0.5, 0.02)","(0.0, 0.23, 0.02)",0.2,"*** Observation *** 
Here is the initial position of each block and the end effector: 
Red Cube: (-0.15, 0.5)
Green Cube: (0.0, 0.23)
Blue Cube: (-0.3, 0.37)
Yellow Cube: (-0.3, 0.5)
End Effector: (0, 0.25)
Note - the arm itself is at 0,0. Assume that the x-axis determines left and right and the y-axis top and bottom."
288,"(0.3, 0.1, 0.02)","(-0.3, 0.5, 0.02)","(-0.15, 0.5, 0.02)","(-0.3, 0.37, 0.02)",Take the block that is coloured red and place it at [-0.3         0.23333333],0,0,,"(-0.3, 0.23, 0.02)","(-0.3, 0.5, 0.02)","(-0.15, 0.5, 0.02)","(-0.3, 0.37, 0.02)",0.13,"*** Observation *** 
Here is the initial position of each block and the end effector: 
Red Cube: (0.3, 0.1)
Green Cube: (-0.3, 0.37)
Blue Cube: (-0.3, 0.5)
Yellow Cube: (-0.15, 0.5)
End Effector: (0, 0.25)
Note - the arm itself is at 0,0. Assume that the x-axis determines left and right and the y-axis top and bottom."
289,"(0.3, 0.37, 0.02)","(0.0, 0.23, 0.02)","(-0.3, 0.23, 0.02)","(0.0, 0.1, 0.02)","Take the block that is (0.3, 0.0) from the yellow block and place it at [-0.15        0.36666667]",1,0,,"(0.3, 0.37, 0.02)","(-0.15, 0.37, 0.02)","(-0.3, 0.23, 0.02)","(0.0, 0.1, 0.02)",0.21,"*** Observation *** 
Here is the initial position of each block and the end effector: 
Red Cube: (0.3, 0.37)
Green Cube: (0.0, 0.1)
Blue Cube: (0.0, 0.23)
Yellow Cube: (-0.3, 0.23)
End Effector: (0, 0.25)
Note - the arm itself is at 0,0. Assume that the x-axis determines left and right and the y-axis top and bottom."
290,"(-0.15, 0.37, 0.02)","(0.3, 0.23, 0.02)","(-0.15, 0.23, 0.02)","(-0.15, 0.5, 0.02)",Take the block that is coloured ruby and place it -4 horizontally and -3 vertically relative to the block that is coloured yellow,0,1,2,"(-4.15, -2.77, 0.02)","(0.3, 0.23, 0.02)","(-0.15, 0.23, 0.02)","(-0.15, 0.5, 0.02)",0.27,"*** Observation *** 
Here is the initial position of each block and the end effector: 
Red Cube: (-0.15, 0.37)
Green Cube: (-0.15, 0.5)
Blue Cube: (0.3, 0.23)
Yellow Cube: (-0.15, 0.23)
End Effector: (0, 0.25)
Note - the arm itself is at 0,0. Assume that the x-axis determines left and right and the y-axis top and bottom."
291,"(0.15, 0.37, 0.02)","(0.3, 0.1, 0.02)","(0.0, 0.37, 0.02)","(-0.3, 0.1, 0.02)",Take the block that is coloured butter-colored and place it between the blocks that are coloured emerald and coloured blue,2,2,[3 1],"(0.15, 0.37, 0.02)","(0.3, 0.1, 0.02)","(0.0, 0.1, 0.02)","(-0.3, 0.1, 0.02)",0.3,"*** Observation *** 
Here is the initial position of each block and the end effector: 
Red Cube: (0.15, 0.37)
Green Cube: (-0.3, 0.1)
Blue Cube: (0.3, 0.1)
Yellow Cube: (0.0, 0.37)
End Effector: (0, 0.25)
Note - the arm itself is at 0,0. Assume that the x-axis determines left and right and the y-axis top and bottom."
292,"(0.15, 0.37, 0.02)","(0.15, 0.23, 0.02)","(0.3, 0.1, 0.02)","(0.15, 0.1, 0.02)",Take the block that is coloured crimson and place it between the blocks that are coloured sunflower-hued and coloured blue,0,2,[2 1],"(0.0, 0.37, 0.02)","(0.15, 0.23, 0.02)","(0.3, 0.1, 0.02)","(0.15, 0.1, 0.02)",0.13,"*** Observation *** 
Here is the initial position of each block and the end effector: 
Red Cube: (0.15, 0.37)
Green Cube: (0.15, 0.1)
Blue Cube: (0.15, 0.23)
Yellow Cube: (0.3, 0.1)
End Effector: (0, 0.25)
Note - the arm itself is at 0,0. Assume that the x-axis determines left and right and the y-axis top and bottom."
293,"(0.3, 0.23, 0.02)","(-0.3, 0.23, 0.02)","(0.0, 0.23, 0.02)","(-0.15, 0.37, 0.02)",Take the block that is rightmost and place it at [-0.3         0.36666667],0,0,,"(-0.3, 0.37, 0.02)","(-0.3, 0.23, 0.02)","(0.0, 0.23, 0.02)","(-0.15, 0.37, 0.02)",0.14,"*** Observation *** 
Here is the initial position of each block and the end effector: 
Red Cube: (0.3, 0.23)
Green Cube: (-0.15, 0.37)
Blue Cube: (-0.3, 0.23)
Yellow Cube: (0.0, 0.23)
End Effector: (0, 0.25)
Note - the arm itself is at 0,0. Assume that the x-axis determines left and right and the y-axis top and bottom."
294,"(0.15, 0.37, 0.02)","(0.3, 0.1, 0.02)","(0.15, 0.23, 0.02)","(0.15, 0.1, 0.02)",Take the block that is coloured yellow and place it at [-0.3         0.36666667],2,0,,"(0.15, 0.37, 0.02)","(0.3, 0.1, 0.02)","(-0.3, 0.37, 0.02)","(0.15, 0.1, 0.02)",0.15,"*** Observation *** 
Here is the initial position of each block and the end effector: 
Red Cube: (0.15, 0.37)
Green Cube: (0.15, 0.1)
Blue Cube: (0.3, 0.1)
Yellow Cube: (0.15, 0.23)
End Effector: (0, 0.25)
Note - the arm itself is at 0,0. Assume that the x-axis determines left and right and the y-axis top and bottom."
295,"(-0.3, 0.37, 0.02)","(0.15, 0.5, 0.02)","(0.15, 0.23, 0.02)","(0.0, 0.5, 0.02)",Take the block that is coloured gold and place it 1 horizontally and 1 vertically relative to the block that is coloured the police-colored one,2,1,1,"(-0.3, 0.37, 0.02)","(0.15, 0.5, 0.02)","(1.15, 1.5, 0.02)","(0.0, 0.5, 0.02)",0.15,"*** Observation *** 
Here is the initial position of each block and the end effector: 
Red Cube: (-0.3, 0.37)
Green Cube: (0.0, 0.5)
Blue Cube: (0.15, 0.5)
Yellow Cube: (0.15, 0.23)
End Effector: (0, 0.25)
Note - the arm itself is at 0,0. Assume that the x-axis determines left and right and the y-axis top and bottom."
296,"(-0.15, 0.1, 0.02)","(0.0, 0.37, 0.02)","(0.15, 0.37, 0.02)","(0.0, 0.23, 0.02)",Take the block that is leftmost and place it at [-0.15        0.36666667],0,0,,"(-0.15, 0.37, 0.02)","(0.0, 0.37, 0.02)","(0.15, 0.37, 0.02)","(0.0, 0.23, 0.02)",0.14,"*** Observation *** 
Here is the initial position of each block and the end effector: 
Red Cube: (-0.15, 0.1)
Green Cube: (0.0, 0.23)
Blue Cube: (0.0, 0.37)
Yellow Cube: (0.15, 0.37)
End Effector: (0, 0.25)
Note - the arm itself is at 0,0. Assume that the x-axis determines left and right and the y-axis top and bottom."
297,"(-0.15, 0.5, 0.02)","(-0.15, 0.23, 0.02)","(0.15, 0.5, 0.02)","(-0.3, 0.1, 0.02)",Take the block that is coloured iceberg-colored and place it -3 horizontally and -4 vertically relative to the block that is coloured like the sun,1,1,2,"(-0.15, 0.5, 0.02)","(-2.85, -3.5, 0.02)","(0.15, 0.5, 0.02)","(-0.3, 0.1, 0.02)",0.3,"*** Observation *** 
Here is the initial position of each block and the end effector: 
Red Cube: (-0.15, 0.5)
Green Cube: (-0.3, 0.1)
Blue Cube: (-0.15, 0.23)
Yellow Cube: (0.15, 0.5)
End Effector: (0, 0.25)
Note - the arm itself is at 0,0. Assume that the x-axis determines left and right and the y-axis top and bottom."
298,"(-0.15, 0.23, 0.02)","(-0.15, 0.37, 0.02)","(-0.3, 0.1, 0.02)","(0.3, 0.37, 0.02)","Take the block that is leftmost and place it 3 horizontally and -1 vertically relative to the block that is (0.15, 0.13333333333333333) from the yellow block",2,1,0,"(-0.15, 0.23, 0.02)","(-0.15, 0.37, 0.02)","(2.85, -0.77, 0.02)","(0.3, 0.37, 0.02)",0.14,"*** Observation *** 
Here is the initial position of each block and the end effector: 
Red Cube: (-0.15, 0.23)
Green Cube: (0.3, 0.37)
Blue Cube: (-0.15, 0.37)
Yellow Cube: (-0.3, 0.1)
End Effector: (0, 0.25)
Note - the arm itself is at 0,0. Assume that the x-axis determines left and right and the y-axis top and bottom."
299,"(0.3, 0.23, 0.02)","(0.15, 0.5, 0.02)","(-0.15, 0.1, 0.02)","(-0.15, 0.37, 0.02)",Take the block that is coloured banana-colored and place it at [-0.15        0.23333333],2,0,,"(0.3, 0.23, 0.02)","(0.15, 0.5, 0.02)","(-0.15, 0.23, 0.02)","(-0.15, 0.37, 0.02)",0.14,"*** Observation *** 
Here is the initial position of each block and the end effector: 
Red Cube: (0.3, 0.23)
Green Cube: (-0.15, 0.37)
Blue Cube: (0.15, 0.5)
Yellow Cube: (-0.15, 0.1)
End Effector: (0, 0.25)
Note - the arm itself is at 0,0. Assume that the x-axis determines left and right and the y-axis top and bottom."
300,"(0.15, 0.5, 0.02)","(0.3, 0.37, 0.02)","(0.0, 0.5, 0.02)","(-0.3, 0.37, 0.02)","Take the block that is coloured blue and place it -1 horizontally and -4 vertically relative to the block that is (-0.15000000000000002, 0.1333333333333333) from the blue block",1,1,0,"(0.15, 0.5, 0.02)","(-0.85, -3.5, 0.02)","(0.0, 0.5, 0.02)","(-0.3, 0.37, 0.02)",0.15,"*** Observation *** 
Here is the initial position of each block and the end effector: 
Red Cube: (0.15, 0.5)
Green Cube: (-0.3, 0.37)
Blue Cube: (0.3, 0.37)
Yellow Cube: (0.0, 0.5)
End Effector: (0, 0.25)
Note - the arm itself is at 0,0. Assume that the x-axis determines left and right and the y-axis top and bottom."
301,"(-0.15, 0.37, 0.02)","(0.3, 0.1, 0.02)","(-0.3, 0.37, 0.02)","(0.0, 0.1, 0.02)",Take the block that is rightmost and place it at [0.15 0.1 ],1,0,,"(-0.15, 0.37, 0.02)","(0.15, 0.1, 0.02)","(-0.3, 0.37, 0.02)","(0.0, 0.1, 0.02)",0.15,"*** Observation *** 
Here is the initial position of each block and the end effector: 
Red Cube: (-0.15, 0.37)
Green Cube: (0.0, 0.1)
Blue Cube: (0.3, 0.1)
Yellow Cube: (-0.3, 0.37)
End Effector: (0, 0.25)
Note - the arm itself is at 0,0. Assume that the x-axis determines left and right and the y-axis top and bottom."
302,"(-0.15, 0.5, 0.02)","(0.3, 0.5, 0.02)","(-0.3, 0.1, 0.02)","(-0.3, 0.5, 0.02)",Take the block that is coloured yellow and place it 1 horizontally and -1 vertically relative to the block that is coloured the sad one,2,1,1,"(-0.15, 0.5, 0.02)","(0.3, 0.5, 0.02)","(1.3, -0.5, 0.02)","(-0.3, 0.5, 0.02)",0.15,"*** Observation *** 
Here is the initial position of each block and the end effector: 
Red Cube: (-0.15, 0.5)
Green Cube: (-0.3, 0.5)
Blue Cube: (0.3, 0.5)
Yellow Cube: (-0.3, 0.1)
End Effector: (0, 0.25)
Note - the arm itself is at 0,0. Assume that the x-axis determines left and right and the y-axis top and bottom."
303,"(0.15, 0.37, 0.02)","(0.0, 0.5, 0.02)","(-0.15, 0.37, 0.02)","(0.3, 0.1, 0.02)",Take the block that is highest and place it at [0.3        0.36666667],1,0,,"(0.15, 0.37, 0.02)","(0.3, 0.37, 0.02)","(-0.15, 0.37, 0.02)","(0.3, 0.1, 0.02)",0.15,"*** Observation *** 
Here is the initial position of each block and the end effector: 
Red Cube: (0.15, 0.37)
Green Cube: (0.3, 0.1)
Blue Cube: (0.0, 0.5)
Yellow Cube: (-0.15, 0.37)
End Effector: (0, 0.25)
Note - the arm itself is at 0,0. Assume that the x-axis determines left and right and the y-axis top and bottom."
304,"(0.15, 0.5, 0.02)","(-0.15, 0.5, 0.02)","(0.0, 0.37, 0.02)","(0.0, 0.1, 0.02)",Take the block that is coloured associated with war and place it at [-0.15        0.36666667],0,0,,"(-0.15, 0.37, 0.02)","(-0.15, 0.5, 0.02)","(0.0, 0.37, 0.02)","(0.0, 0.1, 0.02)",0.13,"*** Observation *** 
Here is the initial position of each block and the end effector: 
Red Cube: (0.15, 0.5)
Green Cube: (0.0, 0.1)
Blue Cube: (-0.15, 0.5)
Yellow Cube: (0.0, 0.37)
End Effector: (0, 0.25)
Note - the arm itself is at 0,0. Assume that the x-axis determines left and right and the y-axis top and bottom."
305,"(0.15, 0.23, 0.02)","(0.0, 0.37, 0.02)","(0.15, 0.5, 0.02)","(-0.3, 0.5, 0.02)",Take the block that is coloured ocean ball and place it at [-0.3  0.1],1,0,,"(0.15, 0.23, 0.02)","(-0.3, 0.1, 0.02)","(0.15, 0.5, 0.02)","(-0.3, 0.5, 0.02)",0.27,"*** Observation *** 
Here is the initial position of each block and the end effector: 
Red Cube: (0.15, 0.23)
Green Cube: (-0.3, 0.5)
Blue Cube: (0.0, 0.37)
Yellow Cube: (0.15, 0.5)
End Effector: (0, 0.25)
Note - the arm itself is at 0,0. Assume that the x-axis determines left and right and the y-axis top and bottom."
306,"(0.3, 0.5, 0.02)","(0.15, 0.37, 0.02)","(-0.3, 0.37, 0.02)","(-0.15, 0.37, 0.02)",Take the block that is coloured red and place it at [-0.3         0.23333333],0,0,,"(-0.3, 0.23, 0.02)","(0.15, 0.37, 0.02)","(-0.3, 0.37, 0.02)","(-0.15, 0.37, 0.02)",0.14,"*** Observation *** 
Here is the initial position of each block and the end effector: 
Red Cube: (0.3, 0.5)
Green Cube: (-0.15, 0.37)
Blue Cube: (0.15, 0.37)
Yellow Cube: (-0.3, 0.37)
End Effector: (0, 0.25)
Note - the arm itself is at 0,0. Assume that the x-axis determines left and right and the y-axis top and bottom."
307,"(0.3, 0.37, 0.02)","(0.3, 0.1, 0.02)","(0.0, 0.1, 0.02)","(-0.15, 0.37, 0.02)",Take the block that is coloured yellow and place it -4 horizontally and -2 vertically relative to the block that is coloured the colour of envy,2,1,3,"(0.3, 0.37, 0.02)","(0.3, 0.1, 0.02)","(-4.15, -1.63, 0.02)","(-0.15, 0.37, 0.02)",0.27,"*** Observation *** 
Here is the initial position of each block and the end effector: 
Red Cube: (0.3, 0.37)
Green Cube: (-0.15, 0.37)
Blue Cube: (0.3, 0.1)
Yellow Cube: (0.0, 0.1)
End Effector: (0, 0.25)
Note - the arm itself is at 0,0. Assume that the x-axis determines left and right and the y-axis top and bottom."
308,"(0.15, 0.5, 0.02)","(-0.3, 0.5, 0.02)","(0.0, 0.37, 0.02)","(-0.3, 0.1, 0.02)",Take the block that is coloured green and place it at [-0.15        0.36666667],3,0,,"(0.15, 0.5, 0.02)","(-0.3, 0.5, 0.02)","(0.0, 0.37, 0.02)","(-0.15, 0.37, 0.02)",0.15,"*** Observation *** 
Here is the initial position of each block and the end effector: 
Red Cube: (0.15, 0.5)
Green Cube: (-0.3, 0.1)
Blue Cube: (-0.3, 0.5)
Yellow Cube: (0.0, 0.37)
End Effector: (0, 0.25)
Note - the arm itself is at 0,0. Assume that the x-axis determines left and right and the y-axis top and bottom."
309,"(-0.3, 0.1, 0.02)","(0.0, 0.1, 0.02)","(-0.3, 0.5, 0.02)","(-0.15, 0.23, 0.02)",Take the block that is coloured green and place it at [0.15 0.5 ],3,0,,"(-0.3, 0.1, 0.02)","(0.0, 0.1, 0.02)","(-0.3, 0.5, 0.02)","(0.15, 0.5, 0.02)",0.3,"*** Observation *** 
Here is the initial position of each block and the end effector: 
Red Cube: (-0.3, 0.1)
Green Cube: (-0.15, 0.23)
Blue Cube: (0.0, 0.1)
Yellow Cube: (-0.3, 0.5)
End Effector: (0, 0.25)
Note - the arm itself is at 0,0. Assume that the x-axis determines left and right and the y-axis top and bottom."
310,"(0.0, 0.5, 0.02)","(0.0, 0.37, 0.02)","(-0.3, 0.23, 0.02)","(0.3, 0.1, 0.02)","Take the block that is (0.0, -0.1333333333333333) from the red block and place it 1 horizontally and -3 vertically relative to the block that is coloured the colour of envy",1,1,3,"(0.0, 0.5, 0.02)","(1.3, -2.9, 0.02)","(-0.3, 0.23, 0.02)","(0.3, 0.1, 0.02)",0.4,"*** Observation *** 
Here is the initial position of each block and the end effector: 
Red Cube: (0.0, 0.5)
Green Cube: (0.3, 0.1)
Blue Cube: (0.0, 0.37)
Yellow Cube: (-0.3, 0.23)
End Effector: (0, 0.25)
Note - the arm itself is at 0,0. Assume that the x-axis determines left and right and the y-axis top and bottom."
311,"(0.15, 0.37, 0.02)","(-0.3, 0.37, 0.02)","(0.3, 0.23, 0.02)","(0.0, 0.23, 0.02)",Take the block that is coloured associated with war and place it 1 horizontally and 3 vertically relative to the block that is coloured sapphire,0,1,1,"(0.7, 3.37, 0.02)","(-0.3, 0.37, 0.02)","(0.3, 0.23, 0.02)","(0.0, 0.23, 0.02)",0.3,"*** Observation *** 
Here is the initial position of each block and the end effector: 
Red Cube: (0.15, 0.37)
Green Cube: (0.0, 0.23)
Blue Cube: (-0.3, 0.37)
Yellow Cube: (0.3, 0.23)
End Effector: (0, 0.25)
Note - the arm itself is at 0,0. Assume that the x-axis determines left and right and the y-axis top and bottom."
312,"(-0.3, 0.1, 0.02)","(0.15, 0.5, 0.02)","(-0.3, 0.37, 0.02)","(0.3, 0.23, 0.02)",Take the block that is rightmost and place it at [0.  0.5],3,0,,"(-0.3, 0.1, 0.02)","(0.15, 0.5, 0.02)","(-0.3, 0.37, 0.02)","(0.0, 0.5, 0.02)",0.15,"*** Observation *** 
Here is the initial position of each block and the end effector: 
Red Cube: (-0.3, 0.1)
Green Cube: (0.3, 0.23)
Blue Cube: (0.15, 0.5)
Yellow Cube: (-0.3, 0.37)
End Effector: (0, 0.25)
Note - the arm itself is at 0,0. Assume that the x-axis determines left and right and the y-axis top and bottom."
313,"(-0.3, 0.23, 0.02)","(-0.15, 0.37, 0.02)","(-0.15, 0.23, 0.02)","(0.0, 0.37, 0.02)",Take the block that is coloured blue and place it at [-0.3  0.1],1,0,,"(-0.3, 0.23, 0.02)","(-0.3, 0.1, 0.02)","(-0.15, 0.23, 0.02)","(0.0, 0.37, 0.02)",0.13,"*** Observation *** 
Here is the initial position of each block and the end effector: 
Red Cube: (-0.3, 0.23)
Green Cube: (0.0, 0.37)
Blue Cube: (-0.15, 0.37)
Yellow Cube: (-0.15, 0.23)
End Effector: (0, 0.25)
Note - the arm itself is at 0,0. Assume that the x-axis determines left and right and the y-axis top and bottom."
314,"(-0.15, 0.1, 0.02)","(0.0, 0.23, 0.02)","(-0.3, 0.23, 0.02)","(0.15, 0.5, 0.02)",Take the block that is coloured yellow and place it at [-0.15        0.23333333],2,0,,"(-0.15, 0.1, 0.02)","(0.0, 0.23, 0.02)","(-0.15, 0.23, 0.02)","(0.15, 0.5, 0.02)",0.13,"*** Observation *** 
Here is the initial position of each block and the end effector: 
Red Cube: (-0.15, 0.1)
Green Cube: (0.15, 0.5)
Blue Cube: (0.0, 0.23)
Yellow Cube: (-0.3, 0.23)
End Effector: (0, 0.25)
Note - the arm itself is at 0,0. Assume that the x-axis determines left and right and the y-axis top and bottom."
315,"(0.3, 0.5, 0.02)","(0.3, 0.37, 0.02)","(0.3, 0.23, 0.02)","(-0.15, 0.23, 0.02)","Take the block that is (0.0, -0.13333333333333336) from the blue block and place it at [0.  0.1]",2,0,,"(0.3, 0.5, 0.02)","(0.3, 0.37, 0.02)","(0.0, 0.1, 0.02)","(-0.15, 0.23, 0.02)",0.13,"*** Observation *** 
Here is the initial position of each block and the end effector: 
Red Cube: (0.3, 0.5)
Green Cube: (-0.15, 0.23)
Blue Cube: (0.3, 0.37)
Yellow Cube: (0.3, 0.23)
End Effector: (0, 0.25)
Note - the arm itself is at 0,0. Assume that the x-axis determines left and right and the y-axis top and bottom."
316,"(0.3, 0.5, 0.02)","(-0.3, 0.1, 0.02)","(-0.15, 0.5, 0.02)","(0.15, 0.23, 0.02)","Take the block that is (0.15, 0.4) from the blue block and place it at [0.15 0.1 ]",2,0,,"(0.3, 0.5, 0.02)","(-0.3, 0.1, 0.02)","(0.15, 0.1, 0.02)","(0.15, 0.23, 0.02)",0.13,"*** Observation *** 
Here is the initial position of each block and the end effector: 
Red Cube: (0.3, 0.5)
Green Cube: (0.15, 0.23)
Blue Cube: (-0.3, 0.1)
Yellow Cube: (-0.15, 0.5)
End Effector: (0, 0.25)
Note - the arm itself is at 0,0. Assume that the x-axis determines left and right and the y-axis top and bottom."
317,"(0.15, 0.37, 0.02)","(-0.15, 0.5, 0.02)","(-0.3, 0.1, 0.02)","(-0.15, 0.1, 0.02)","Take the block that is highest and place it between the blocks that are coloured like a fireball and (-0.29999999999999993, -0.2666666666666667) from the red block",1,2,[0 3],"(0.15, 0.37, 0.02)","(-0.0, 0.23, 0.02)","(-0.3, 0.1, 0.02)","(-0.15, 0.1, 0.02)",0.15,"*** Observation *** 
Here is the initial position of each block and the end effector: 
Red Cube: (0.15, 0.37)
Green Cube: (-0.15, 0.1)
Blue Cube: (-0.15, 0.5)
Yellow Cube: (-0.3, 0.1)
End Effector: (0, 0.25)
Note - the arm itself is at 0,0. Assume that the x-axis determines left and right and the y-axis top and bottom."
318,"(0.3, 0.37, 0.02)","(0.3, 0.23, 0.02)","(0.15, 0.23, 0.02)","(0.3, 0.1, 0.02)",Take the block that is coloured blue and place it at [-0.3         0.36666667],1,0,,"(0.3, 0.37, 0.02)","(-0.3, 0.37, 0.02)","(0.15, 0.23, 0.02)","(0.3, 0.1, 0.02)",0.2,"*** Observation *** 
Here is the initial position of each block and the end effector: 
Red Cube: (0.3, 0.37)
Green Cube: (0.3, 0.1)
Blue Cube: (0.3, 0.23)
Yellow Cube: (0.15, 0.23)
End Effector: (0, 0.25)
Note - the arm itself is at 0,0. Assume that the x-axis determines left and right and the y-axis top and bottom."
319,"(0.15, 0.1, 0.02)","(0.0, 0.37, 0.02)","(-0.3, 0.23, 0.02)","(-0.15, 0.5, 0.02)",Take the block that is rightmost and place it at [-0.15  0.1 ],0,0,,"(-0.15, 0.1, 0.02)","(0.0, 0.37, 0.02)","(-0.3, 0.23, 0.02)","(-0.15, 0.5, 0.02)",0.2,"*** Observation *** 
Here is the initial position of each block and the end effector: 
Red Cube: (0.15, 0.1)
Green Cube: (-0.15, 0.5)
Blue Cube: (0.0, 0.37)
Yellow Cube: (-0.3, 0.23)
End Effector: (0, 0.25)
Note - the arm itself is at 0,0. Assume that the x-axis determines left and right and the y-axis top and bottom."
320,"(0.3, 0.1, 0.02)","(-0.3, 0.23, 0.02)","(0.0, 0.5, 0.02)","(0.3, 0.23, 0.02)",Take the block that is coloured yellow and place it at [0.3        0.36666667],2,0,,"(0.3, 0.1, 0.02)","(-0.3, 0.23, 0.02)","(0.3, 0.37, 0.02)","(0.3, 0.23, 0.02)",0.13,"*** Observation *** 
Here is the initial position of each block and the end effector: 
Red Cube: (0.3, 0.1)
Green Cube: (0.3, 0.23)
Blue Cube: (-0.3, 0.23)
Yellow Cube: (0.0, 0.5)
End Effector: (0, 0.25)
Note - the arm itself is at 0,0. Assume that the x-axis determines left and right and the y-axis top and bottom."
321,"(0.15, 0.23, 0.02)","(0.15, 0.5, 0.02)","(0.3, 0.5, 0.02)","(-0.3, 0.5, 0.02)",Take the block that is lowest and place it at [-0.3         0.23333333],0,0,,"(-0.3, 0.23, 0.02)","(0.15, 0.5, 0.02)","(0.3, 0.5, 0.02)","(-0.3, 0.5, 0.02)",0.15,"*** Observation *** 
Here is the initial position of each block and the end effector: 
Red Cube: (0.15, 0.23)
Green Cube: (-0.3, 0.5)
Blue Cube: (0.15, 0.5)
Yellow Cube: (0.3, 0.5)
End Effector: (0, 0.25)
Note - the arm itself is at 0,0. Assume that the x-axis determines left and right and the y-axis top and bottom."
322,"(0.3, 0.37, 0.02)","(-0.15, 0.5, 0.02)","(-0.3, 0.37, 0.02)","(0.0, 0.23, 0.02)",Take the block that is coloured red and place it between the blocks that are coloured sunflower-hued and coloured blue,0,2,[2 1],"(0.3, 0.1, 0.02)","(-0.15, 0.5, 0.02)","(-0.3, 0.37, 0.02)","(0.0, 0.23, 0.02)",0.2,"*** Observation *** 
Here is the initial position of each block and the end effector: 
Red Cube: (0.3, 0.37)
Green Cube: (0.0, 0.23)
Blue Cube: (-0.15, 0.5)
Yellow Cube: (-0.3, 0.37)
End Effector: (0, 0.25)
Note - the arm itself is at 0,0. Assume that the x-axis determines left and right and the y-axis top and bottom."
323,"(-0.15, 0.5, 0.02)","(0.0, 0.23, 0.02)","(0.15, 0.5, 0.02)","(0.3, 0.37, 0.02)",Take the block that is leftmost and place it 1 horizontally and -4 vertically relative to the block that is lowest,0,1,1,"(1.0, -3.77, 0.02)","(0.0, 0.23, 0.02)","(0.15, 0.5, 0.02)","(0.3, 0.37, 0.02)",0.2,"*** Observation *** 
Here is the initial position of each block and the end effector: 
Red Cube: (-0.15, 0.5)
Green Cube: (0.3, 0.37)
Blue Cube: (0.0, 0.23)
Yellow Cube: (0.15, 0.5)
End Effector: (0, 0.25)
Note - the arm itself is at 0,0. Assume that the x-axis determines left and right and the y-axis top and bottom."
324,"(-0.3, 0.23, 0.02)","(0.0, 0.37, 0.02)","(0.15, 0.23, 0.02)","(0.15, 0.37, 0.02)",Take the block that is coloured the royal one and place it -2 horizontally and -3 vertically relative to the block that is coloured red,1,1,0,"(-0.3, 0.23, 0.02)","(-2.3, -2.77, 0.02)","(0.15, 0.23, 0.02)","(0.15, 0.37, 0.02)",0.14,"*** Observation *** 
Here is the initial position of each block and the end effector: 
Red Cube: (-0.3, 0.23)
Green Cube: (0.15, 0.37)
Blue Cube: (0.0, 0.37)
Yellow Cube: (0.15, 0.23)
End Effector: (0, 0.25)
Note - the arm itself is at 0,0. Assume that the x-axis determines left and right and the y-axis top and bottom."
325,"(-0.3, 0.1, 0.02)","(-0.3, 0.37, 0.02)","(-0.15, 0.37, 0.02)","(0.0, 0.5, 0.02)",Take the block that is coloured green and place it 1 horizontally and -3 vertically relative to the block that is coloured red,3,1,0,"(-0.3, 0.1, 0.02)","(-0.3, 0.37, 0.02)","(-0.15, 0.37, 0.02)","(0.7, -2.9, 0.02)",0.15,"*** Observation *** 
Here is the initial position of each block and the end effector: 
Red Cube: (-0.3, 0.1)
Green Cube: (0.0, 0.5)
Blue Cube: (-0.3, 0.37)
Yellow Cube: (-0.15, 0.37)
End Effector: (0, 0.25)
Note - the arm itself is at 0,0. Assume that the x-axis determines left and right and the y-axis top and bottom."
326,"(0.3, 0.37, 0.02)","(0.15, 0.23, 0.02)","(0.0, 0.1, 0.02)","(-0.3, 0.37, 0.02)",Take the block that is coloured sky-colored and place it between the blocks that are coloured red and lowest,1,2,[0 2],"(0.3, 0.37, 0.02)","(0.15, 0.23, 0.02)","(0.0, 0.1, 0.02)","(-0.3, 0.37, 0.02)",0.2,"*** Observation *** 
Here is the initial position of each block and the end effector: 
Red Cube: (0.3, 0.37)
Green Cube: (-0.3, 0.37)
Blue Cube: (0.15, 0.23)
Yellow Cube: (0.0, 0.1)
End Effector: (0, 0.25)
Note - the arm itself is at 0,0. Assume that the x-axis determines left and right and the y-axis top and bottom."
327,"(0.0, 0.37, 0.02)","(-0.15, 0.1, 0.02)","(0.3, 0.1, 0.02)","(0.15, 0.23, 0.02)","Take the block that is coloured like a fireball and place it -1 horizontally and 2 vertically relative to the block that is (-0.15000000000000002, 0.13333333333333333) from the yellow block",0,1,3,"(-0.85, 2.23, 0.02)","(-0.15, 0.1, 0.02)","(0.3, 0.1, 0.02)","(0.15, 0.23, 0.02)",0.2,"*** Observation *** 
Here is the initial position of each block and the end effector: 
Red Cube: (0.0, 0.37)
Green Cube: (0.15, 0.23)
Blue Cube: (-0.15, 0.1)
Yellow Cube: (0.3, 0.1)
End Effector: (0, 0.25)
Note - the arm itself is at 0,0. Assume that the x-axis determines left and right and the y-axis top and bottom."
328,"(0.3, 0.37, 0.02)","(-0.15, 0.37, 0.02)","(0.15, 0.5, 0.02)","(-0.15, 0.1, 0.02)",Take the block that is coloured blue and place it at [-0.3         0.36666667],1,0,,"(0.3, 0.37, 0.02)","(-0.3, 0.37, 0.02)","(0.15, 0.5, 0.02)","(-0.15, 0.1, 0.02)",0.2,"*** Observation *** 
Here is the initial position of each block and the end effector: 
Red Cube: (0.3, 0.37)
Green Cube: (-0.15, 0.1)
Blue Cube: (-0.15, 0.37)
Yellow Cube: (0.15, 0.5)
End Effector: (0, 0.25)
Note - the arm itself is at 0,0. Assume that the x-axis determines left and right and the y-axis top and bottom."
329,"(0.0, 0.37, 0.02)","(-0.3, 0.5, 0.02)","(0.15, 0.37, 0.02)","(-0.15, 0.23, 0.02)",Take the block that is leftmost and place it at [-0.3         0.23333333],1,0,,"(0.0, 0.37, 0.02)","(-0.3, 0.23, 0.02)","(0.15, 0.37, 0.02)","(-0.15, 0.23, 0.02)",0.15,"*** Observation *** 
Here is the initial position of each block and the end effector: 
Red Cube: (0.0, 0.37)
Green Cube: (-0.15, 0.23)
Blue Cube: (-0.3, 0.5)
Yellow Cube: (0.15, 0.37)
End Effector: (0, 0.25)
Note - the arm itself is at 0,0. Assume that the x-axis determines left and right and the y-axis top and bottom."
330,"(-0.3, 0.1, 0.02)","(0.15, 0.5, 0.02)","(0.3, 0.5, 0.02)","(0.0, 0.1, 0.02)",Take the block that is coloured like a rose and place it at [0.3        0.23333333],0,0,,"(0.3, 0.23, 0.02)","(0.15, 0.5, 0.02)","(0.3, 0.5, 0.02)","(0.0, 0.1, 0.02)",0.15,"*** Observation *** 
Here is the initial position of each block and the end effector: 
Red Cube: (-0.3, 0.1)
Green Cube: (0.0, 0.1)
Blue Cube: (0.15, 0.5)
Yellow Cube: (0.3, 0.5)
End Effector: (0, 0.25)
Note - the arm itself is at 0,0. Assume that the x-axis determines left and right and the y-axis top and bottom."
331,"(0.0, 0.23, 0.02)","(-0.15, 0.37, 0.02)","(-0.3, 0.1, 0.02)","(0.15, 0.5, 0.02)","Take the block that is coloured gold and place it 1 horizontally and 2 vertically relative to the block that is (-0.15, 0.13333333333333336) from the red block",2,1,1,"(0.0, 0.23, 0.02)","(-0.15, 0.37, 0.02)","(0.85, 2.37, 0.02)","(0.15, 0.5, 0.02)",0.21,"*** Observation *** 
Here is the initial position of each block and the end effector: 
Red Cube: (0.0, 0.23)
Green Cube: (0.15, 0.5)
Blue Cube: (-0.15, 0.37)
Yellow Cube: (-0.3, 0.1)
End Effector: (0, 0.25)
Note - the arm itself is at 0,0. Assume that the x-axis determines left and right and the y-axis top and bottom."
332,"(0.15, 0.23, 0.02)","(0.15, 0.1, 0.02)","(0.3, 0.23, 0.02)","(0.15, 0.37, 0.02)",Take the block that is coloured the color of money and place it 1 horizontally and 1 vertically relative to the block that is coloured butter-colored,3,1,2,"(0.15, 0.23, 0.02)","(0.15, 0.1, 0.02)","(0.3, 0.23, 0.02)","(1.3, 1.23, 0.02)",0.13,"*** Observation *** 
Here is the initial position of each block and the end effector: 
Red Cube: (0.15, 0.23)
Green Cube: (0.15, 0.37)
Blue Cube: (0.15, 0.1)
Yellow Cube: (0.3, 0.23)
End Effector: (0, 0.25)
Note - the arm itself is at 0,0. Assume that the x-axis determines left and right and the y-axis top and bottom."
333,"(-0.3, 0.1, 0.02)","(-0.3, 0.5, 0.02)","(0.0, 0.1, 0.02)","(0.15, 0.23, 0.02)",Take the block that is rightmost and place it between the blocks that are coloured ruby and coloured the royal one,3,2,[0 1],"(-0.3, 0.1, 0.02)","(-0.3, 0.5, 0.02)","(0.0, 0.1, 0.02)","(-0.3, 0.3, 0.02)",0.2,"*** Observation *** 
Here is the initial position of each block and the end effector: 
Red Cube: (-0.3, 0.1)
Green Cube: (0.15, 0.23)
Blue Cube: (-0.3, 0.5)
Yellow Cube: (0.0, 0.1)
End Effector: (0, 0.25)
Note - the arm itself is at 0,0. Assume that the x-axis determines left and right and the y-axis top and bottom."
334,"(0.3, 0.23, 0.02)","(0.0, 0.37, 0.02)","(0.0, 0.23, 0.02)","(-0.3, 0.5, 0.02)",Take the block that is coloured mustard and place it at [0.3        0.36666667],2,0,,"(0.3, 0.23, 0.02)","(0.0, 0.37, 0.02)","(0.3, 0.37, 0.02)","(-0.3, 0.5, 0.02)",0.14,"*** Observation *** 
Here is the initial position of each block and the end effector: 
Red Cube: (0.3, 0.23)
Green Cube: (-0.3, 0.5)
Blue Cube: (0.0, 0.37)
Yellow Cube: (0.0, 0.23)
End Effector: (0, 0.25)
Note - the arm itself is at 0,0. Assume that the x-axis determines left and right and the y-axis top and bottom."
335,"(0.15, 0.1, 0.02)","(-0.3, 0.37, 0.02)","(0.3, 0.1, 0.02)","(0.3, 0.37, 0.02)",Take the block that is coloured like a rose and place it at [-0.3         0.23333333],0,0,,"(-0.3, 0.23, 0.02)","(-0.3, 0.37, 0.02)","(0.3, 0.1, 0.02)","(0.3, 0.37, 0.02)",0.14,"*** Observation *** 
Here is the initial position of each block and the end effector: 
Red Cube: (0.15, 0.1)
Green Cube: (0.3, 0.37)
Blue Cube: (-0.3, 0.37)
Yellow Cube: (0.3, 0.1)
End Effector: (0, 0.25)
Note - the arm itself is at 0,0. Assume that the x-axis determines left and right and the y-axis top and bottom."
336,"(0.15, 0.23, 0.02)","(0.15, 0.37, 0.02)","(0.3, 0.37, 0.02)","(0.15, 0.5, 0.02)",Take the block that is coloured sunflower-hued and place it -3 horizontally and 3 vertically relative to the block that is coloured navy,2,1,1,"(0.15, 0.23, 0.02)","(0.15, 0.37, 0.02)","(-2.85, 3.37, 0.02)","(0.15, 0.5, 0.02)",0.13,"*** Observation *** 
Here is the initial position of each block and the end effector: 
Red Cube: (0.15, 0.23)
Green Cube: (0.15, 0.5)
Blue Cube: (0.15, 0.37)
Yellow Cube: (0.3, 0.37)
End Effector: (0, 0.25)
Note - the arm itself is at 0,0. Assume that the x-axis determines left and right and the y-axis top and bottom."
337,"(-0.15, 0.1, 0.02)","(0.3, 0.5, 0.02)","(0.0, 0.37, 0.02)","(-0.3, 0.37, 0.02)","Take the block that is (-0.3, -0.1333333333333333) from the blue block and place it -2 horizontally and -3 vertically relative to the block that is coloured mint",2,1,3,"(-0.15, 0.1, 0.02)","(0.3, 0.5, 0.02)","(-2.3, -2.63, 0.02)","(-0.3, 0.37, 0.02)",0.31,"*** Observation *** 
Here is the initial position of each block and the end effector: 
Red Cube: (-0.15, 0.1)
Green Cube: (-0.3, 0.37)
Blue Cube: (0.3, 0.5)
Yellow Cube: (0.0, 0.37)
End Effector: (0, 0.25)
Note - the arm itself is at 0,0. Assume that the x-axis determines left and right and the y-axis top and bottom."
338,"(0.15, 0.5, 0.02)","(-0.15, 0.1, 0.02)","(0.3, 0.5, 0.02)","(-0.3, 0.5, 0.02)","Take the block that is coloured green and place it between the blocks that are coloured blue and (-0.15000000000000002, 0.0) from the yellow block",3,2,[1 0],"(0.15, 0.5, 0.02)","(-0.15, 0.1, 0.02)","(0.3, 0.5, 0.02)","(-0.0, 0.3, 0.02)",0.15,"*** Observation *** 
Here is the initial position of each block and the end effector: 
Red Cube: (0.15, 0.5)
Green Cube: (-0.3, 0.5)
Blue Cube: (-0.15, 0.1)
Yellow Cube: (0.3, 0.5)
End Effector: (0, 0.25)
Note - the arm itself is at 0,0. Assume that the x-axis determines left and right and the y-axis top and bottom."
339,"(0.3, 0.1, 0.02)","(-0.3, 0.23, 0.02)","(0.0, 0.23, 0.02)","(-0.15, 0.1, 0.02)",Take the block that is coloured red and place it -3 horizontally and -3 vertically relative to the block that is coloured yellow,0,1,2,"(-3.0, -2.77, 0.02)","(-0.3, 0.23, 0.02)","(0.0, 0.23, 0.02)","(-0.15, 0.1, 0.02)",0.2,"*** Observation *** 
Here is the initial position of each block and the end effector: 
Red Cube: (0.3, 0.1)
Green Cube: (-0.15, 0.1)
Blue Cube: (-0.3, 0.23)
Yellow Cube: (0.0, 0.23)
End Effector: (0, 0.25)
Note - the arm itself is at 0,0. Assume that the x-axis determines left and right and the y-axis top and bottom."
340,"(-0.3, 0.23, 0.02)","(-0.15, 0.1, 0.02)","(0.3, 0.5, 0.02)","(-0.15, 0.23, 0.02)",Take the block that is coloured the colour of the US democratic party and place it between the blocks that are coloured like a cowards belly and coloured emerald,1,2,[2 3],"(-0.3, 0.23, 0.02)","(0.08, 0.37, 0.02)","(0.3, 0.5, 0.02)","(-0.15, 0.23, 0.02)",0.15,"*** Observation *** 
Here is the initial position of each block and the end effector: 
Red Cube: (-0.3, 0.23)
Green Cube: (-0.15, 0.23)
Blue Cube: (-0.15, 0.1)
Yellow Cube: (0.3, 0.5)
End Effector: (0, 0.25)
Note - the arm itself is at 0,0. Assume that the x-axis determines left and right and the y-axis top and bottom."
341,"(-0.3, 0.23, 0.02)","(0.0, 0.5, 0.02)","(0.0, 0.37, 0.02)","(0.15, 0.5, 0.02)",Take the block that is leftmost and place it at [0.3        0.36666667],0,0,,"(0.3, 0.37, 0.02)","(0.0, 0.5, 0.02)","(0.0, 0.37, 0.02)","(0.15, 0.5, 0.02)",0.13,"*** Observation *** 
Here is the initial position of each block and the end effector: 
Red Cube: (-0.3, 0.23)
Green Cube: (0.15, 0.5)
Blue Cube: (0.0, 0.5)
Yellow Cube: (0.0, 0.37)
End Effector: (0, 0.25)
Note - the arm itself is at 0,0. Assume that the x-axis determines left and right and the y-axis top and bottom."
342,"(-0.15, 0.1, 0.02)","(0.3, 0.5, 0.02)","(-0.15, 0.5, 0.02)","(0.3, 0.37, 0.02)",Take the block that is coloured yellow and place it at [-0.15        0.23333333],2,0,,"(-0.15, 0.1, 0.02)","(0.3, 0.5, 0.02)","(-0.15, 0.23, 0.02)","(0.3, 0.37, 0.02)",0.13,"*** Observation *** 
Here is the initial position of each block and the end effector: 
Red Cube: (-0.15, 0.1)
Green Cube: (0.3, 0.37)
Blue Cube: (0.3, 0.5)
Yellow Cube: (-0.15, 0.5)
End Effector: (0, 0.25)
Note - the arm itself is at 0,0. Assume that the x-axis determines left and right and the y-axis top and bottom."
343,"(-0.3, 0.1, 0.02)","(-0.3, 0.5, 0.02)","(-0.15, 0.37, 0.02)","(0.3, 0.23, 0.02)","Take the block that is (0.15, -0.1333333333333333) from the blue block and place it at [-0.15        0.23333333]",2,0,,"(-0.3, 0.1, 0.02)","(-0.3, 0.5, 0.02)","(-0.15, 0.23, 0.02)","(0.3, 0.23, 0.02)",0.2,"*** Observation *** 
Here is the initial position of each block and the end effector: 
Red Cube: (-0.3, 0.1)
Green Cube: (0.3, 0.23)
Blue Cube: (-0.3, 0.5)
Yellow Cube: (-0.15, 0.37)
End Effector: (0, 0.25)
Note - the arm itself is at 0,0. Assume that the x-axis determines left and right and the y-axis top and bottom."
344,"(0.0, 0.1, 0.02)","(0.15, 0.5, 0.02)","(-0.15, 0.1, 0.02)","(-0.15, 0.5, 0.02)",Take the block that is coloured sky-colored and place it at [-0.15        0.36666667],1,0,,"(0.0, 0.1, 0.02)","(-0.15, 0.37, 0.02)","(-0.15, 0.1, 0.02)","(-0.15, 0.5, 0.02)",0.13,"*** Observation *** 
Here is the initial position of each block and the end effector: 
Red Cube: (0.0, 0.1)
Green Cube: (-0.15, 0.5)
Blue Cube: (0.15, 0.5)
Yellow Cube: (-0.15, 0.1)
End Effector: (0, 0.25)
Note - the arm itself is at 0,0. Assume that the x-axis determines left and right and the y-axis top and bottom."
345,"(0.3, 0.5, 0.02)","(0.3, 0.23, 0.02)","(0.0, 0.23, 0.02)","(0.3, 0.37, 0.02)",Take the block that is coloured green and place it between the blocks that are coloured ocean ball and highest,3,2,[1 0],"(0.3, 0.5, 0.02)","(0.3, 0.23, 0.02)","(0.0, 0.23, 0.02)","(-0.15, 0.1, 0.02)",0.2,"*** Observation *** 
Here is the initial position of each block and the end effector: 
Red Cube: (0.3, 0.5)
Green Cube: (0.3, 0.37)
Blue Cube: (0.3, 0.23)
Yellow Cube: (0.0, 0.23)
End Effector: (0, 0.25)
Note - the arm itself is at 0,0. Assume that the x-axis determines left and right and the y-axis top and bottom."
346,"(0.15, 0.5, 0.02)","(0.3, 0.23, 0.02)","(-0.3, 0.23, 0.02)","(0.15, 0.1, 0.02)",Take the block that is coloured yellow and place it -4 horizontally and 2 vertically relative to the block that is lowest,2,1,3,"(0.15, 0.5, 0.02)","(0.3, 0.23, 0.02)","(-3.85, 2.1, 0.02)","(0.15, 0.1, 0.02)",0.2,"*** Observation *** 
Here is the initial position of each block and the end effector: 
Red Cube: (0.15, 0.5)
Green Cube: (0.15, 0.1)
Blue Cube: (0.3, 0.23)
Yellow Cube: (-0.3, 0.23)
End Effector: (0, 0.25)
Note - the arm itself is at 0,0. Assume that the x-axis determines left and right and the y-axis top and bottom."
347,"(-0.15, 0.1, 0.02)","(0.15, 0.5, 0.02)","(0.3, 0.23, 0.02)","(0.0, 0.5, 0.02)","Take the block that is (0.14999999999999997, 0.0) from the green block and place it at [-0.15        0.36666667]",1,0,,"(-0.15, 0.1, 0.02)","(-0.15, 0.37, 0.02)","(0.3, 0.23, 0.02)","(0.0, 0.5, 0.02)",0.2,"*** Observation *** 
Here is the initial position of each block and the end effector: 
Red Cube: (-0.15, 0.1)
Green Cube: (0.0, 0.5)
Blue Cube: (0.15, 0.5)
Yellow Cube: (0.3, 0.23)
End Effector: (0, 0.25)
Note - the arm itself is at 0,0. Assume that the x-axis determines left and right and the y-axis top and bottom."
348,"(-0.3, 0.1, 0.02)","(0.15, 0.1, 0.02)","(0.0, 0.37, 0.02)","(0.3, 0.23, 0.02)",Take the block that is coloured yellow and place it 3 horizontally and -4 vertically relative to the block that is coloured like a rose,2,1,0,"(-0.3, 0.1, 0.02)","(0.15, 0.1, 0.02)","(2.7, -3.9, 0.02)","(0.3, 0.23, 0.02)",0.2,"*** Observation *** 
Here is the initial position of each block and the end effector: 
Red Cube: (-0.3, 0.1)
Green Cube: (0.3, 0.23)
Blue Cube: (0.15, 0.1)
Yellow Cube: (0.0, 0.37)
End Effector: (0, 0.25)
Note - the arm itself is at 0,0. Assume that the x-axis determines left and right and the y-axis top and bottom."
349,"(0.0, 0.5, 0.02)","(0.3, 0.5, 0.02)","(0.15, 0.23, 0.02)","(-0.3, 0.37, 0.02)",Take the block that is coloured red and place it at [0.3 0.1],0,0,,"(0.3, 0.1, 0.02)","(0.3, 0.5, 0.02)","(0.15, 0.23, 0.02)","(-0.3, 0.37, 0.02)",0.2,"*** Observation *** 
Here is the initial position of each block and the end effector: 
Red Cube: (0.0, 0.5)
Green Cube: (-0.3, 0.37)
Blue Cube: (0.3, 0.5)
Yellow Cube: (0.15, 0.23)
End Effector: (0, 0.25)
Note - the arm itself is at 0,0. Assume that the x-axis determines left and right and the y-axis top and bottom."
350,"(0.3, 0.1, 0.02)","(-0.15, 0.23, 0.02)","(-0.3, 0.37, 0.02)","(-0.3, 0.1, 0.02)",Take the block that is coloured yellow and place it between the blocks that are coloured the royal one and coloured red,2,2,[1 0],"(0.3, 0.1, 0.02)","(-0.15, 0.23, 0.02)","(0.08, 0.17, 0.02)","(-0.3, 0.1, 0.02)",0.2,"*** Observation *** 
Here is the initial position of each block and the end effector: 
Red Cube: (0.3, 0.1)
Green Cube: (-0.3, 0.1)
Blue Cube: (-0.15, 0.23)
Yellow Cube: (-0.3, 0.37)
End Effector: (0, 0.25)
Note - the arm itself is at 0,0. Assume that the x-axis determines left and right and the y-axis top and bottom."
351,"(-0.3, 0.23, 0.02)","(0.15, 0.1, 0.02)","(0.3, 0.1, 0.02)","(-0.15, 0.1, 0.02)",Take the block that is coloured love-colored and place it at [0.  0.1],0,0,,"(0.0, 0.1, 0.02)","(0.15, 0.1, 0.02)","(0.3, 0.1, 0.02)","(-0.15, 0.1, 0.02)",0.15,"*** Observation *** 
Here is the initial position of each block and the end effector: 
Red Cube: (-0.3, 0.23)
Green Cube: (-0.15, 0.1)
Blue Cube: (0.15, 0.1)
Yellow Cube: (0.3, 0.1)
End Effector: (0, 0.25)
Note - the arm itself is at 0,0. Assume that the x-axis determines left and right and the y-axis top and bottom."
352,"(0.0, 0.23, 0.02)","(0.15, 0.1, 0.02)","(0.3, 0.23, 0.02)","(-0.3, 0.37, 0.02)",Take the block that is coloured the nature-colored ball and place it at [-0.15  0.5 ],3,0,,"(0.0, 0.23, 0.02)","(0.15, 0.1, 0.02)","(0.3, 0.23, 0.02)","(-0.15, 0.5, 0.02)",0.2,"*** Observation *** 
Here is the initial position of each block and the end effector: 
Red Cube: (0.0, 0.23)
Green Cube: (-0.3, 0.37)
Blue Cube: (0.15, 0.1)
Yellow Cube: (0.3, 0.23)
End Effector: (0, 0.25)
Note - the arm itself is at 0,0. Assume that the x-axis determines left and right and the y-axis top and bottom."
353,"(0.3, 0.23, 0.02)","(-0.3, 0.37, 0.02)","(0.0, 0.23, 0.02)","(0.15, 0.5, 0.02)",Take the block that is coloured like the sun and place it at [0.3 0.5],2,0,,"(0.3, 0.23, 0.02)","(-0.3, 0.37, 0.02)","(0.3, 0.5, 0.02)","(0.15, 0.5, 0.02)",0.15,"*** Observation *** 
Here is the initial position of each block and the end effector: 
Red Cube: (0.3, 0.23)
Green Cube: (0.15, 0.5)
Blue Cube: (-0.3, 0.37)
Yellow Cube: (0.0, 0.23)
End Effector: (0, 0.25)
Note - the arm itself is at 0,0. Assume that the x-axis determines left and right and the y-axis top and bottom."
354,"(0.15, 0.37, 0.02)","(0.0, 0.1, 0.02)","(-0.3, 0.1, 0.02)","(0.15, 0.23, 0.02)",Take the block that is coloured blue and place it 3 horizontally and 1 vertically relative to the block that is coloured banana-colored,1,1,2,"(0.15, 0.37, 0.02)","(2.7, 1.1, 0.02)","(-0.3, 0.1, 0.02)","(0.15, 0.23, 0.02)",0.14,"*** Observation *** 
Here is the initial position of each block and the end effector: 
Red Cube: (0.15, 0.37)
Green Cube: (0.15, 0.23)
Blue Cube: (0.0, 0.1)
Yellow Cube: (-0.3, 0.1)
End Effector: (0, 0.25)
Note - the arm itself is at 0,0. Assume that the x-axis determines left and right and the y-axis top and bottom."
355,"(-0.15, 0.37, 0.02)","(-0.15, 0.1, 0.02)","(-0.15, 0.5, 0.02)","(0.15, 0.5, 0.02)",Take the block that is coloured butter-colored and place it at [-0.3         0.36666667],2,0,,"(-0.15, 0.37, 0.02)","(-0.15, 0.1, 0.02)","(-0.3, 0.37, 0.02)","(0.15, 0.5, 0.02)",0.15,"*** Observation *** 
Here is the initial position of each block and the end effector: 
Red Cube: (-0.15, 0.37)
Green Cube: (0.15, 0.5)
Blue Cube: (-0.15, 0.1)
Yellow Cube: (-0.15, 0.5)
End Effector: (0, 0.25)
Note - the arm itself is at 0,0. Assume that the x-axis determines left and right and the y-axis top and bottom."
356,"(0.0, 0.23, 0.02)","(-0.15, 0.1, 0.02)","(0.3, 0.23, 0.02)","(-0.3, 0.23, 0.02)","Take the block that is (0.15, 0.13333333333333333) from the blue block and place it at [-0.15        0.36666667]",0,0,,"(-0.15, 0.37, 0.02)","(-0.15, 0.1, 0.02)","(0.3, 0.23, 0.02)","(-0.3, 0.23, 0.02)",0.2,"*** Observation *** 
Here is the initial position of each block and the end effector: 
Red Cube: (0.0, 0.23)
Green Cube: (-0.3, 0.23)
Blue Cube: (-0.15, 0.1)
Yellow Cube: (0.3, 0.23)
End Effector: (0, 0.25)
Note - the arm itself is at 0,0. Assume that the x-axis determines left and right and the y-axis top and bottom."
357,"(0.3, 0.37, 0.02)","(0.0, 0.37, 0.02)","(0.0, 0.1, 0.02)","(-0.15, 0.23, 0.02)",Take the block that is coloured green and place it at [0.15 0.1 ],3,0,,"(0.3, 0.37, 0.02)","(0.0, 0.37, 0.02)","(0.0, 0.1, 0.02)","(0.15, 0.1, 0.02)",0.15,"*** Observation *** 
Here is the initial position of each block and the end effector: 
Red Cube: (0.3, 0.37)
Green Cube: (-0.15, 0.23)
Blue Cube: (0.0, 0.37)
Yellow Cube: (0.0, 0.1)
End Effector: (0, 0.25)
Note - the arm itself is at 0,0. Assume that the x-axis determines left and right and the y-axis top and bottom."
358,"(-0.3, 0.1, 0.02)","(-0.3, 0.5, 0.02)","(-0.15, 0.23, 0.02)","(0.3, 0.37, 0.02)","Take the block that is (0.15, -0.26666666666666666) from the blue block and place it at [-0.15  0.1 ]",2,0,,"(-0.3, 0.1, 0.02)","(-0.3, 0.5, 0.02)","(-0.15, 0.1, 0.02)","(0.3, 0.37, 0.02)",0.15,"*** Observation *** 
Here is the initial position of each block and the end effector: 
Red Cube: (-0.3, 0.1)
Green Cube: (0.3, 0.37)
Blue Cube: (-0.3, 0.5)
Yellow Cube: (-0.15, 0.23)
End Effector: (0, 0.25)
Note - the arm itself is at 0,0. Assume that the x-axis determines left and right and the y-axis top and bottom."
359,"(0.15, 0.1, 0.02)","(0.15, 0.23, 0.02)","(-0.3, 0.23, 0.02)","(0.0, 0.23, 0.02)","Take the block that is (0.44999999999999996, 0.0) from the yellow block and place it at [0.3        0.36666667]",1,0,,"(0.15, 0.1, 0.02)","(0.3, 0.37, 0.02)","(-0.3, 0.23, 0.02)","(0.0, 0.23, 0.02)",0.2,"*** Observation *** 
Here is the initial position of each block and the end effector: 
Red Cube: (0.15, 0.1)
Green Cube: (0.0, 0.23)
Blue Cube: (0.15, 0.23)
Yellow Cube: (-0.3, 0.23)
End Effector: (0, 0.25)
Note - the arm itself is at 0,0. Assume that the x-axis determines left and right and the y-axis top and bottom."
360,"(0.3, 0.23, 0.02)","(-0.15, 0.1, 0.02)","(0.3, 0.5, 0.02)","(-0.15, 0.37, 0.02)",Take the block that is coloured blue and place it at [0.3        0.36666667],1,0,,"(0.3, 0.23, 0.02)","(0.3, 0.37, 0.02)","(0.3, 0.5, 0.02)","(-0.15, 0.37, 0.02)",0.13,"*** Observation *** 
Here is the initial position of each block and the end effector: 
Red Cube: (0.3, 0.23)
Green Cube: (-0.15, 0.37)
Blue Cube: (-0.15, 0.1)
Yellow Cube: (0.3, 0.5)
End Effector: (0, 0.25)
Note - the arm itself is at 0,0. Assume that the x-axis determines left and right and the y-axis top and bottom."
361,"(0.15, 0.37, 0.02)","(0.3, 0.1, 0.02)","(0.0, 0.1, 0.02)","(-0.3, 0.23, 0.02)",Take the block that is coloured like a cowards belly and place it at [0.3        0.36666667],2,0,,"(0.15, 0.37, 0.02)","(0.3, 0.1, 0.02)","(0.3, 0.37, 0.02)","(-0.3, 0.23, 0.02)",0.15,"*** Observation *** 
Here is the initial position of each block and the end effector: 
Red Cube: (0.15, 0.37)
Green Cube: (-0.3, 0.23)
Blue Cube: (0.3, 0.1)
Yellow Cube: (0.0, 0.1)
End Effector: (0, 0.25)
Note - the arm itself is at 0,0. Assume that the x-axis determines left and right and the y-axis top and bottom."
362,"(0.0, 0.5, 0.02)","(-0.3, 0.23, 0.02)","(-0.15, 0.37, 0.02)","(0.15, 0.23, 0.02)",Take the block that is rightmost and place it -1 horizontally and -2 vertically relative to the block that is coloured love-colored,3,1,0,"(0.0, 0.5, 0.02)","(-0.3, 0.23, 0.02)","(-0.15, 0.37, 0.02)","(-1.0, -1.5, 0.02)",0.2,"*** Observation *** 
Here is the initial position of each block and the end effector: 
Red Cube: (0.0, 0.5)
Green Cube: (0.15, 0.23)
Blue Cube: (-0.3, 0.23)
Yellow Cube: (-0.15, 0.37)
End Effector: (0, 0.25)
Note - the arm itself is at 0,0. Assume that the x-axis determines left and right and the y-axis top and bottom."
363,"(0.15, 0.37, 0.02)","(0.0, 0.1, 0.02)","(0.0, 0.5, 0.02)","(0.3, 0.23, 0.02)",Take the block that is coloured iceberg-colored and place it -2 horizontally and 2 vertically relative to the block that is coloured matches stop signs,1,1,0,"(0.15, 0.37, 0.02)","(-1.85, 2.37, 0.02)","(0.0, 0.5, 0.02)","(0.3, 0.23, 0.02)",0.2,"*** Observation *** 
Here is the initial position of each block and the end effector: 
Red Cube: (0.15, 0.37)
Green Cube: (0.3, 0.23)
Blue Cube: (0.0, 0.1)
Yellow Cube: (0.0, 0.5)
End Effector: (0, 0.25)
Note - the arm itself is at 0,0. Assume that the x-axis determines left and right and the y-axis top and bottom."
364,"(0.15, 0.1, 0.02)","(0.0, 0.23, 0.02)","(0.0, 0.1, 0.02)","(0.3, 0.1, 0.02)",Take the block that is coloured banana-colored and place it at [-0.15  0.1 ],2,0,,"(0.15, 0.1, 0.02)","(0.0, 0.23, 0.02)","(-0.15, 0.1, 0.02)","(0.3, 0.1, 0.02)",0.15,"*** Observation *** 
Here is the initial position of each block and the end effector: 
Red Cube: (0.15, 0.1)
Green Cube: (0.3, 0.1)
Blue Cube: (0.0, 0.23)
Yellow Cube: (0.0, 0.1)
End Effector: (0, 0.25)
Note - the arm itself is at 0,0. Assume that the x-axis determines left and right and the y-axis top and bottom."
365,"(0.0, 0.1, 0.02)","(0.15, 0.23, 0.02)","(0.3, 0.23, 0.02)","(0.3, 0.5, 0.02)",Take the block that is highest and place it at [0.15 0.1 ],3,0,,"(0.0, 0.1, 0.02)","(0.15, 0.23, 0.02)","(0.3, 0.23, 0.02)","(0.15, 0.1, 0.02)",0.13,"*** Observation *** 
Here is the initial position of each block and the end effector: 
Red Cube: (0.0, 0.1)
Green Cube: (0.3, 0.5)
Blue Cube: (0.15, 0.23)
Yellow Cube: (0.3, 0.23)
End Effector: (0, 0.25)
Note - the arm itself is at 0,0. Assume that the x-axis determines left and right and the y-axis top and bottom."
366,"(0.3, 0.1, 0.02)","(0.0, 0.23, 0.02)","(0.0, 0.1, 0.02)","(-0.3, 0.37, 0.02)",Take the block that is coloured green and place it at [-0.3  0.5],3,0,,"(0.3, 0.1, 0.02)","(0.0, 0.23, 0.02)","(0.0, 0.1, 0.02)","(-0.3, 0.5, 0.02)",0.13,"*** Observation *** 
Here is the initial position of each block and the end effector: 
Red Cube: (0.3, 0.1)
Green Cube: (-0.3, 0.37)
Blue Cube: (0.0, 0.23)
Yellow Cube: (0.0, 0.1)
End Effector: (0, 0.25)
Note - the arm itself is at 0,0. Assume that the x-axis determines left and right and the y-axis top and bottom."
367,"(0.3, 0.5, 0.02)","(0.0, 0.5, 0.02)","(0.15, 0.5, 0.02)","(0.3, 0.37, 0.02)",Take the block that is coloured blue and place it -4 horizontally and -1 vertically relative to the block that is coloured green,1,1,3,"(0.3, 0.5, 0.02)","(-3.7, -0.63, 0.02)","(0.15, 0.5, 0.02)","(0.3, 0.37, 0.02)",0.13,"*** Observation *** 
Here is the initial position of each block and the end effector: 
Red Cube: (0.3, 0.5)
Green Cube: (0.3, 0.37)
Blue Cube: (0.0, 0.5)
Yellow Cube: (0.15, 0.5)
End Effector: (0, 0.25)
Note - the arm itself is at 0,0. Assume that the x-axis determines left and right and the y-axis top and bottom."
368,"(-0.15, 0.5, 0.02)","(0.0, 0.5, 0.02)","(0.3, 0.1, 0.02)","(0.0, 0.23, 0.02)","Take the block that is (0.0, -0.26666666666666666) from the blue block and place it at [-0.3  0.5]",3,0,,"(-0.15, 0.5, 0.02)","(0.0, 0.5, 0.02)","(0.3, 0.1, 0.02)","(-0.3, 0.5, 0.02)",0.15,"*** Observation *** 
Here is the initial position of each block and the end effector: 
Red Cube: (-0.15, 0.5)
Green Cube: (0.0, 0.23)
Blue Cube: (0.0, 0.5)
Yellow Cube: (0.3, 0.1)
End Effector: (0, 0.25)
Note - the arm itself is at 0,0. Assume that the x-axis determines left and right and the y-axis top and bottom."
369,"(0.3, 0.5, 0.02)","(0.3, 0.23, 0.02)","(0.3, 0.37, 0.02)","(0.0, 0.37, 0.02)",Take the block that is coloured blue and place it at [-0.3         0.36666667],1,0,,"(0.3, 0.5, 0.02)","(-0.3, 0.37, 0.02)","(0.3, 0.37, 0.02)","(0.0, 0.37, 0.02)",0.13,"*** Observation *** 
Here is the initial position of each block and the end effector: 
Red Cube: (0.3, 0.5)
Green Cube: (0.0, 0.37)
Blue Cube: (0.3, 0.23)
Yellow Cube: (0.3, 0.37)
End Effector: (0, 0.25)
Note - the arm itself is at 0,0. Assume that the x-axis determines left and right and the y-axis top and bottom."
370,"(0.3, 0.1, 0.02)","(0.3, 0.5, 0.02)","(0.0, 0.1, 0.02)","(-0.3, 0.23, 0.02)","Take the block that is (0.3, -0.13333333333333333) from the green block and place it 1 horizontally and -1 vertically relative to the block that is coloured the police-colored one",2,1,1,"(0.3, 0.1, 0.02)","(0.3, 0.5, 0.02)","(1.3, -0.5, 0.02)","(-0.3, 0.23, 0.02)",0.4,"*** Observation *** 
Here is the initial position of each block and the end effector: 
Red Cube: (0.3, 0.1)
Green Cube: (-0.3, 0.23)
Blue Cube: (0.3, 0.5)
Yellow Cube: (0.0, 0.1)
End Effector: (0, 0.25)
Note - the arm itself is at 0,0. Assume that the x-axis determines left and right and the y-axis top and bottom."
371,"(0.0, 0.37, 0.02)","(-0.3, 0.37, 0.02)","(0.0, 0.1, 0.02)","(0.15, 0.1, 0.02)",Take the block that is coloured cobalt and place it between the blocks that are coloured scarlet and rightmost,1,2,[0 3],"(0.0, 0.37, 0.02)","(-0.15, 0.37, 0.02)","(0.0, 0.1, 0.02)","(0.15, 0.1, 0.02)",0.15,"*** Observation *** 
Here is the initial position of each block and the end effector: 
Red Cube: (0.0, 0.37)
Green Cube: (0.15, 0.1)
Blue Cube: (-0.3, 0.37)
Yellow Cube: (0.0, 0.1)
End Effector: (0, 0.25)
Note - the arm itself is at 0,0. Assume that the x-axis determines left and right and the y-axis top and bottom."
372,"(-0.3, 0.1, 0.02)","(0.15, 0.5, 0.02)","(-0.15, 0.5, 0.02)","(-0.3, 0.5, 0.02)",Take the block that is coloured blue and place it between the blocks that are coloured green and coloured the color of Mars,1,2,[3 0],"(-0.3, 0.1, 0.02)","(-0.3, 0.3, 0.02)","(-0.15, 0.5, 0.02)","(-0.3, 0.5, 0.02)",0.15,"*** Observation *** 
Here is the initial position of each block and the end effector: 
Red Cube: (-0.3, 0.1)
Green Cube: (-0.3, 0.5)
Blue Cube: (0.15, 0.5)
Yellow Cube: (-0.15, 0.5)
End Effector: (0, 0.25)
Note - the arm itself is at 0,0. Assume that the x-axis determines left and right and the y-axis top and bottom."
373,"(0.15, 0.37, 0.02)","(0.0, 0.5, 0.02)","(-0.3, 0.23, 0.02)","(0.0, 0.37, 0.02)",Take the block that is rightmost and place it at [0.3 0.1],0,0,,"(0.3, 0.1, 0.02)","(0.0, 0.5, 0.02)","(-0.3, 0.23, 0.02)","(0.0, 0.37, 0.02)",0.13,"*** Observation *** 
Here is the initial position of each block and the end effector: 
Red Cube: (0.15, 0.37)
Green Cube: (0.0, 0.37)
Blue Cube: (0.0, 0.5)
Yellow Cube: (-0.3, 0.23)
End Effector: (0, 0.25)
Note - the arm itself is at 0,0. Assume that the x-axis determines left and right and the y-axis top and bottom."
374,"(0.0, 0.1, 0.02)","(0.3, 0.37, 0.02)","(-0.15, 0.1, 0.02)","(-0.3, 0.23, 0.02)",Take the block that is coloured associated with brightness and place it at [-0.3  0.5],2,0,,"(0.0, 0.1, 0.02)","(0.3, 0.37, 0.02)","(-0.3, 0.5, 0.02)","(-0.3, 0.23, 0.02)",0.27,"*** Observation *** 
Here is the initial position of each block and the end effector: 
Red Cube: (0.0, 0.1)
Green Cube: (-0.3, 0.23)
Blue Cube: (0.3, 0.37)
Yellow Cube: (-0.15, 0.1)
End Effector: (0, 0.25)
Note - the arm itself is at 0,0. Assume that the x-axis determines left and right and the y-axis top and bottom."
375,"(-0.15, 0.37, 0.02)","(-0.15, 0.23, 0.02)","(0.3, 0.23, 0.02)","(-0.3, 0.37, 0.02)",Take the block that is coloured the color of warning signs and place it -3 horizontally and 2 vertically relative to the block that is coloured like a fireball,2,1,0,"(-0.15, 0.37, 0.02)","(-0.15, 0.23, 0.02)","(-3.15, 2.37, 0.02)","(-0.3, 0.37, 0.02)",0.14,"*** Observation *** 
Here is the initial position of each block and the end effector: 
Red Cube: (-0.15, 0.37)
Green Cube: (-0.3, 0.37)
Blue Cube: (-0.15, 0.23)
Yellow Cube: (0.3, 0.23)
End Effector: (0, 0.25)
Note - the arm itself is at 0,0. Assume that the x-axis determines left and right and the y-axis top and bottom."
376,"(0.15, 0.37, 0.02)","(0.0, 0.5, 0.02)","(-0.15, 0.23, 0.02)","(-0.3, 0.37, 0.02)",Take the block that is rightmost and place it at [0.  0.1],0,0,,"(0.0, 0.1, 0.02)","(0.0, 0.5, 0.02)","(-0.15, 0.23, 0.02)","(-0.3, 0.37, 0.02)",0.2,"*** Observation *** 
Here is the initial position of each block and the end effector: 
Red Cube: (0.15, 0.37)
Green Cube: (-0.3, 0.37)
Blue Cube: (0.0, 0.5)
Yellow Cube: (-0.15, 0.23)
End Effector: (0, 0.25)
Note - the arm itself is at 0,0. Assume that the x-axis determines left and right and the y-axis top and bottom."
377,"(-0.15, 0.1, 0.02)","(0.3, 0.1, 0.02)","(-0.15, 0.37, 0.02)","(0.15, 0.23, 0.02)",Take the block that is rightmost and place it 2 horizontally and 2 vertically relative to the block that is coloured jade,1,1,3,"(-0.15, 0.1, 0.02)","(2.15, 2.23, 0.02)","(-0.15, 0.37, 0.02)","(0.15, 0.23, 0.02)",0.27,"*** Observation *** 
Here is the initial position of each block and the end effector: 
Red Cube: (-0.15, 0.1)
Green Cube: (0.15, 0.23)
Blue Cube: (0.3, 0.1)
Yellow Cube: (-0.15, 0.37)
End Effector: (0, 0.25)
Note - the arm itself is at 0,0. Assume that the x-axis determines left and right and the y-axis top and bottom."
378,"(-0.3, 0.23, 0.02)","(0.15, 0.23, 0.02)","(0.0, 0.23, 0.02)","(-0.15, 0.5, 0.02)",Take the block that is coloured cobalt and place it at [0.  0.5],1,0,,"(-0.3, 0.23, 0.02)","(0.0, 0.5, 0.02)","(0.0, 0.23, 0.02)","(-0.15, 0.5, 0.02)",0.15,"*** Observation *** 
Here is the initial position of each block and the end effector: 
Red Cube: (-0.3, 0.23)
Green Cube: (-0.15, 0.5)
Blue Cube: (0.15, 0.23)
Yellow Cube: (0.0, 0.23)
End Effector: (0, 0.25)
Note - the arm itself is at 0,0. Assume that the x-axis determines left and right and the y-axis top and bottom."
379,"(0.15, 0.5, 0.02)","(-0.15, 0.1, 0.02)","(-0.3, 0.5, 0.02)","(0.0, 0.37, 0.02)",Take the block that is coloured the eco-friendly one and place it between the blocks that are coloured yellow and coloured matches stop signs,3,2,[2 0],"(0.15, 0.5, 0.02)","(-0.15, 0.1, 0.02)","(-0.3, 0.5, 0.02)","(-0.08, 0.5, 0.02)",0.22,"*** Observation *** 
Here is the initial position of each block and the end effector: 
Red Cube: (0.15, 0.5)
Green Cube: (0.0, 0.37)
Blue Cube: (-0.15, 0.1)
Yellow Cube: (-0.3, 0.5)
End Effector: (0, 0.25)
Note - the arm itself is at 0,0. Assume that the x-axis determines left and right and the y-axis top and bottom."
380,"(0.0, 0.1, 0.02)","(0.3, 0.23, 0.02)","(-0.3, 0.37, 0.02)","(0.0, 0.5, 0.02)",Take the block that is highest and place it at [-0.15  0.5 ],3,0,,"(0.0, 0.1, 0.02)","(0.3, 0.23, 0.02)","(-0.3, 0.37, 0.02)","(-0.15, 0.5, 0.02)",0.2,"*** Observation *** 
Here is the initial position of each block and the end effector: 
Red Cube: (0.0, 0.1)
Green Cube: (0.0, 0.5)
Blue Cube: (0.3, 0.23)
Yellow Cube: (-0.3, 0.37)
End Effector: (0, 0.25)
Note - the arm itself is at 0,0. Assume that the x-axis determines left and right and the y-axis top and bottom."
381,"(-0.3, 0.5, 0.02)","(-0.3, 0.1, 0.02)","(0.15, 0.1, 0.02)","(0.3, 0.23, 0.02)","Take the block that is (-0.6, -0.13333333333333333) from the green block and place it -2 horizontally and -1 vertically relative to the block that is coloured mustard",1,1,2,"(-0.3, 0.5, 0.02)","(-1.85, -0.9, 0.02)","(0.15, 0.1, 0.02)","(0.3, 0.23, 0.02)",0.2,"*** Observation *** 
Here is the initial position of each block and the end effector: 
Red Cube: (-0.3, 0.5)
Green Cube: (0.3, 0.23)
Blue Cube: (-0.3, 0.1)
Yellow Cube: (0.15, 0.1)
End Effector: (0, 0.25)
Note - the arm itself is at 0,0. Assume that the x-axis determines left and right and the y-axis top and bottom."
382,"(0.15, 0.37, 0.02)","(-0.3, 0.5, 0.02)","(0.3, 0.1, 0.02)","(0.15, 0.23, 0.02)",Take the block that is coloured yellow and place it between the blocks that are coloured ruby and leftmost,2,2,[0 1],"(0.15, 0.37, 0.02)","(-0.3, 0.5, 0.02)","(-0.08, 0.43, 0.02)","(0.15, 0.23, 0.02)",0.14,"*** Observation *** 
Here is the initial position of each block and the end effector: 
Red Cube: (0.15, 0.37)
Green Cube: (0.15, 0.23)
Blue Cube: (-0.3, 0.5)
Yellow Cube: (0.3, 0.1)
End Effector: (0, 0.25)
Note - the arm itself is at 0,0. Assume that the x-axis determines left and right and the y-axis top and bottom."
383,"(0.15, 0.1, 0.02)","(-0.15, 0.1, 0.02)","(0.0, 0.1, 0.02)","(0.15, 0.23, 0.02)","Take the block that is (0.15, 0.0) from the blue block and place it between the blocks that are (0.14999999999999997, 0.0) from the yellow block and coloured the colour of the US democratic party",2,2,[0 1],"(0.15, 0.1, 0.02)","(-0.15, 0.1, 0.02)","(-0.3, 0.5, 0.02)","(0.15, 0.23, 0.02)",0.13,"*** Observation *** 
Here is the initial position of each block and the end effector: 
Red Cube: (0.15, 0.1)
Green Cube: (0.15, 0.23)
Blue Cube: (-0.15, 0.1)
Yellow Cube: (0.0, 0.1)
End Effector: (0, 0.25)
Note - the arm itself is at 0,0. Assume that the x-axis determines left and right and the y-axis top and bottom."
384,"(-0.3, 0.5, 0.02)","(-0.15, 0.5, 0.02)","(-0.15, 0.23, 0.02)","(-0.3, 0.23, 0.02)",Take the block that is coloured ocean ball and place it at [0.         0.23333333],1,0,,"(-0.3, 0.5, 0.02)","(0.0, 0.23, 0.02)","(-0.15, 0.23, 0.02)","(-0.3, 0.23, 0.02)",0.15,"*** Observation *** 
Here is the initial position of each block and the end effector: 
Red Cube: (-0.3, 0.5)
Green Cube: (-0.3, 0.23)
Blue Cube: (-0.15, 0.5)
Yellow Cube: (-0.15, 0.23)
End Effector: (0, 0.25)
Note - the arm itself is at 0,0. Assume that the x-axis determines left and right and the y-axis top and bottom."
385,"(0.0, 0.1, 0.02)","(-0.3, 0.23, 0.02)","(-0.15, 0.5, 0.02)","(-0.3, 0.37, 0.02)",Take the block that is coloured frog-colored and place it at [0.3        0.36666667],3,0,,"(0.0, 0.1, 0.02)","(-0.3, 0.23, 0.02)","(-0.15, 0.5, 0.02)","(0.3, 0.37, 0.02)",0.31,"*** Observation *** 
Here is the initial position of each block and the end effector: 
Red Cube: (0.0, 0.1)
Green Cube: (-0.3, 0.37)
Blue Cube: (-0.3, 0.23)
Yellow Cube: (-0.15, 0.5)
End Effector: (0, 0.25)
Note - the arm itself is at 0,0. Assume that the x-axis determines left and right and the y-axis top and bottom."
386,"(0.3, 0.5, 0.02)","(-0.15, 0.5, 0.02)","(-0.15, 0.37, 0.02)","(0.3, 0.37, 0.02)","Take the block that is coloured green and place it 1 horizontally and 2 vertically relative to the block that is (-0.44999999999999996, 0.0) from the red block",3,1,1,"(0.3, 0.5, 0.02)","(-0.15, 0.5, 0.02)","(-0.15, 0.37, 0.02)","(0.85, 2.5, 0.02)",0.13,"*** Observation *** 
Here is the initial position of each block and the end effector: 
Red Cube: (0.3, 0.5)
Green Cube: (0.3, 0.37)
Blue Cube: (-0.15, 0.5)
Yellow Cube: (-0.15, 0.37)
End Effector: (0, 0.25)
Note - the arm itself is at 0,0. Assume that the x-axis determines left and right and the y-axis top and bottom."
387,"(-0.3, 0.23, 0.02)","(-0.3, 0.37, 0.02)","(-0.3, 0.5, 0.02)","(0.0, 0.23, 0.02)","Take the block that is (0.0, -0.26666666666666666) from the yellow block and place it -1 horizontally and 3 vertically relative to the block that is rightmost",0,1,3,"(-1.0, 3.23, 0.02)","(-0.3, 0.37, 0.02)","(-0.3, 0.5, 0.02)","(0.0, 0.23, 0.02)",0.13,"*** Observation *** 
Here is the initial position of each block and the end effector: 
Red Cube: (-0.3, 0.23)
Green Cube: (0.0, 0.23)
Blue Cube: (-0.3, 0.37)
Yellow Cube: (-0.3, 0.5)
End Effector: (0, 0.25)
Note - the arm itself is at 0,0. Assume that the x-axis determines left and right and the y-axis top and bottom."
388,"(0.15, 0.5, 0.02)","(0.3, 0.23, 0.02)","(-0.15, 0.23, 0.02)","(0.0, 0.23, 0.02)",Take the block that is rightmost and place it at [0.15 0.1 ],1,0,,"(0.15, 0.5, 0.02)","(0.15, 0.1, 0.02)","(-0.15, 0.23, 0.02)","(0.0, 0.23, 0.02)",0.15,"*** Observation *** 
Here is the initial position of each block and the end effector: 
Red Cube: (0.15, 0.5)
Green Cube: (0.0, 0.23)
Blue Cube: (0.3, 0.23)
Yellow Cube: (-0.15, 0.23)
End Effector: (0, 0.25)
Note - the arm itself is at 0,0. Assume that the x-axis determines left and right and the y-axis top and bottom."
389,"(0.15, 0.23, 0.02)","(0.0, 0.5, 0.02)","(0.0, 0.37, 0.02)","(-0.15, 0.1, 0.02)","Take the block that is coloured blue and place it between the blocks that are rightmost and (0.0, -0.1333333333333333) from the blue block",1,2,[0 2],"(0.15, 0.23, 0.02)","(0.3, 0.37, 0.02)","(0.0, 0.37, 0.02)","(-0.15, 0.1, 0.02)",0.21,"*** Observation *** 
Here is the initial position of each block and the end effector: 
Red Cube: (0.15, 0.23)
Green Cube: (-0.15, 0.1)
Blue Cube: (0.0, 0.5)
Yellow Cube: (0.0, 0.37)
End Effector: (0, 0.25)
Note - the arm itself is at 0,0. Assume that the x-axis determines left and right and the y-axis top and bottom."
390,"(0.0, 0.37, 0.02)","(0.0, 0.5, 0.02)","(0.15, 0.37, 0.02)","(0.3, 0.1, 0.02)",Take the block that is coloured sunflower-hued and place it 2 horizontally and -2 vertically relative to the block that is coloured blue,2,1,1,"(0.0, 0.37, 0.02)","(0.0, 0.5, 0.02)","(2.0, -1.5, 0.02)","(0.3, 0.1, 0.02)",0.13,"*** Observation *** 
Here is the initial position of each block and the end effector: 
Red Cube: (0.0, 0.37)
Green Cube: (0.3, 0.1)
Blue Cube: (0.0, 0.5)
Yellow Cube: (0.15, 0.37)
End Effector: (0, 0.25)
Note - the arm itself is at 0,0. Assume that the x-axis determines left and right and the y-axis top and bottom."
391,"(0.15, 0.37, 0.02)","(0.0, 0.37, 0.02)","(0.15, 0.1, 0.02)","(0.3, 0.1, 0.02)",Take the block that is coloured navy and place it at [-0.15        0.23333333],1,0,,"(0.15, 0.37, 0.02)","(-0.15, 0.23, 0.02)","(0.15, 0.1, 0.02)","(0.3, 0.1, 0.02)",0.15,"*** Observation *** 
Here is the initial position of each block and the end effector: 
Red Cube: (0.15, 0.37)
Green Cube: (0.3, 0.1)
Blue Cube: (0.0, 0.37)
Yellow Cube: (0.15, 0.1)
End Effector: (0, 0.25)
Note - the arm itself is at 0,0. Assume that the x-axis determines left and right and the y-axis top and bottom."
392,"(0.0, 0.37, 0.02)","(-0.15, 0.23, 0.02)","(0.15, 0.1, 0.02)","(-0.15, 0.1, 0.02)",Take the block that is coloured the color of warning signs and place it between the blocks that are coloured ocean ball and coloured the eco-friendly one,2,2,[1 3],"(0.0, 0.37, 0.02)","(-0.15, 0.23, 0.02)","(0.15, 0.5, 0.02)","(-0.15, 0.1, 0.02)",0.13,"*** Observation *** 
Here is the initial position of each block and the end effector: 
Red Cube: (0.0, 0.37)
Green Cube: (-0.15, 0.1)
Blue Cube: (-0.15, 0.23)
Yellow Cube: (0.15, 0.1)
End Effector: (0, 0.25)
Note - the arm itself is at 0,0. Assume that the x-axis determines left and right and the y-axis top and bottom."
393,"(0.3, 0.23, 0.02)","(0.15, 0.37, 0.02)","(-0.3, 0.5, 0.02)","(0.15, 0.1, 0.02)",Take the block that is coloured jade and place it 3 horizontally and 3 vertically relative to the block that is coloured yellow,3,1,2,"(0.3, 0.23, 0.02)","(0.15, 0.37, 0.02)","(-0.3, 0.5, 0.02)","(2.7, 3.5, 0.02)",0.21,"*** Observation *** 
Here is the initial position of each block and the end effector: 
Red Cube: (0.3, 0.23)
Green Cube: (0.15, 0.1)
Blue Cube: (0.15, 0.37)
Yellow Cube: (-0.3, 0.5)
End Effector: (0, 0.25)
Note - the arm itself is at 0,0. Assume that the x-axis determines left and right and the y-axis top and bottom."
394,"(0.3, 0.5, 0.02)","(-0.3, 0.5, 0.02)","(-0.15, 0.1, 0.02)","(0.0, 0.37, 0.02)",Take the block that is coloured red and place it at [0.3        0.23333333],0,0,,"(0.3, 0.23, 0.02)","(-0.3, 0.5, 0.02)","(-0.15, 0.1, 0.02)","(0.0, 0.37, 0.02)",0.31,"*** Observation *** 
Here is the initial position of each block and the end effector: 
Red Cube: (0.3, 0.5)
Green Cube: (0.0, 0.37)
Blue Cube: (-0.3, 0.5)
Yellow Cube: (-0.15, 0.1)
End Effector: (0, 0.25)
Note - the arm itself is at 0,0. Assume that the x-axis determines left and right and the y-axis top and bottom."
395,"(-0.15, 0.5, 0.02)","(-0.3, 0.37, 0.02)","(0.3, 0.1, 0.02)","(-0.15, 0.23, 0.02)",Take the block that is coloured the sad one and place it at [0.15 0.5 ],1,0,,"(-0.15, 0.5, 0.02)","(0.15, 0.5, 0.02)","(0.3, 0.1, 0.02)","(-0.15, 0.23, 0.02)",0.27,"*** Observation *** 
Here is the initial position of each block and the end effector: 
Red Cube: (-0.15, 0.5)
Green Cube: (-0.15, 0.23)
Blue Cube: (-0.3, 0.37)
Yellow Cube: (0.3, 0.1)
End Effector: (0, 0.25)
Note - the arm itself is at 0,0. Assume that the x-axis determines left and right and the y-axis top and bottom."
396,"(-0.3, 0.23, 0.02)","(-0.3, 0.37, 0.02)","(-0.15, 0.37, 0.02)","(0.0, 0.37, 0.02)",Take the block that is coloured red and place it at [0.  0.1],0,0,,"(0.0, 0.1, 0.02)","(-0.3, 0.37, 0.02)","(-0.15, 0.37, 0.02)","(0.0, 0.37, 0.02)",0.15,"*** Observation *** 
Here is the initial position of each block and the end effector: 
Red Cube: (-0.3, 0.23)
Green Cube: (0.0, 0.37)
Blue Cube: (-0.3, 0.37)
Yellow Cube: (-0.15, 0.37)
End Effector: (0, 0.25)
Note - the arm itself is at 0,0. Assume that the x-axis determines left and right and the y-axis top and bottom."
397,"(0.0, 0.5, 0.02)","(-0.3, 0.5, 0.02)","(0.0, 0.1, 0.02)","(0.3, 0.37, 0.02)",Take the block that is coloured blue and place it between the blocks that are coloured red and coloured yellow,1,2,[0 2],"(0.0, 0.5, 0.02)","(0.0, 0.3, 0.02)","(0.0, 0.1, 0.02)","(0.3, 0.37, 0.02)",0.2,"*** Observation *** 
Here is the initial position of each block and the end effector: 
Red Cube: (0.0, 0.5)
Green Cube: (0.3, 0.37)
Blue Cube: (-0.3, 0.5)
Yellow Cube: (0.0, 0.1)
End Effector: (0, 0.25)
Note - the arm itself is at 0,0. Assume that the x-axis determines left and right and the y-axis top and bottom."
398,"(-0.3, 0.1, 0.02)","(-0.3, 0.37, 0.02)","(0.15, 0.37, 0.02)","(0.3, 0.23, 0.02)",Take the block that is coloured yellow and place it between the blocks that are rightmost and coloured screams danger,2,2,[3 0],"(-0.3, 0.1, 0.02)","(-0.3, 0.37, 0.02)","(0.0, 0.17, 0.02)","(0.3, 0.23, 0.02)",0.27,"*** Observation *** 
Here is the initial position of each block and the end effector: 
Red Cube: (-0.3, 0.1)
Green Cube: (0.3, 0.23)
Blue Cube: (-0.3, 0.37)
Yellow Cube: (0.15, 0.37)
End Effector: (0, 0.25)
Note - the arm itself is at 0,0. Assume that the x-axis determines left and right and the y-axis top and bottom."
399,"(0.15, 0.1, 0.02)","(0.3, 0.37, 0.02)","(0.0, 0.37, 0.02)","(-0.3, 0.23, 0.02)",Take the block that is lowest and place it between the blocks that are rightmost and coloured like a cowards belly,0,2,[1 2],"(-0.15, 0.23, 0.02)","(0.3, 0.37, 0.02)","(0.0, 0.37, 0.02)","(-0.3, 0.23, 0.02)",0.15,"*** Observation *** 
Here is the initial position of each block and the end effector: 
Red Cube: (0.15, 0.1)
Green Cube: (-0.3, 0.23)
Blue Cube: (0.3, 0.37)
Yellow Cube: (0.0, 0.37)
End Effector: (0, 0.25)
Note - the arm itself is at 0,0. Assume that the x-axis determines left and right and the y-axis top and bottom."
400,"(-0.3, 0.23, 0.02)","(-0.15, 0.37, 0.02)","(0.0, 0.5, 0.02)","(0.3, 0.23, 0.02)",Take the block that is coloured blue and place it at [0.  0.1],1,0,,"(-0.3, 0.23, 0.02)","(0.0, 0.1, 0.02)","(0.0, 0.5, 0.02)","(0.3, 0.23, 0.02)",0.33,"*** Observation *** 
Here is the initial position of each block and the end effector: 
Red Cube: (-0.3, 0.23)
Green Cube: (0.3, 0.23)
Blue Cube: (-0.15, 0.37)
Yellow Cube: (0.0, 0.5)
End Effector: (0, 0.25)
Note - the arm itself is at 0,0. Assume that the x-axis determines left and right and the y-axis top and bottom."
401,"(0.0, 0.23, 0.02)","(0.15, 0.5, 0.02)","(0.0, 0.37, 0.02)","(0.0, 0.5, 0.02)",Take the block that is coloured green and place it at [-0.3  0.1],3,0,,"(0.0, 0.23, 0.02)","(0.15, 0.5, 0.02)","(0.0, 0.37, 0.02)","(-0.3, 0.1, 0.02)",0.14,"*** Observation *** 
Here is the initial position of each block and the end effector: 
Red Cube: (0.0, 0.23)
Green Cube: (0.0, 0.5)
Blue Cube: (0.15, 0.5)
Yellow Cube: (0.0, 0.37)
End Effector: (0, 0.25)
Note - the arm itself is at 0,0. Assume that the x-axis determines left and right and the y-axis top and bottom."
402,"(0.0, 0.23, 0.02)","(0.0, 0.1, 0.02)","(0.15, 0.1, 0.02)","(-0.3, 0.5, 0.02)","Take the block that is (0.0, 0.13333333333333333) from the blue block and place it at [-0.3         0.36666667]",0,0,,"(-0.3, 0.37, 0.02)","(0.0, 0.1, 0.02)","(0.15, 0.1, 0.02)","(-0.3, 0.5, 0.02)",0.13,"*** Observation *** 
Here is the initial position of each block and the end effector: 
Red Cube: (0.0, 0.23)
Green Cube: (-0.3, 0.5)
Blue Cube: (0.0, 0.1)
Yellow Cube: (0.15, 0.1)
End Effector: (0, 0.25)
Note - the arm itself is at 0,0. Assume that the x-axis determines left and right and the y-axis top and bottom."
403,"(-0.3, 0.37, 0.02)","(-0.3, 0.1, 0.02)","(0.3, 0.23, 0.02)","(0.15, 0.1, 0.02)","Take the block that is (0.0, -0.2666666666666667) from the red block and place it at [-0.3         0.23333333]",1,0,,"(-0.3, 0.37, 0.02)","(-0.3, 0.23, 0.02)","(0.3, 0.23, 0.02)","(0.15, 0.1, 0.02)",0.14,"*** Observation *** 
Here is the initial position of each block and the end effector: 
Red Cube: (-0.3, 0.37)
Green Cube: (0.15, 0.1)
Blue Cube: (-0.3, 0.1)
Yellow Cube: (0.3, 0.23)
End Effector: (0, 0.25)
Note - the arm itself is at 0,0. Assume that the x-axis determines left and right and the y-axis top and bottom."
404,"(-0.15, 0.1, 0.02)","(0.0, 0.23, 0.02)","(-0.3, 0.23, 0.02)","(-0.3, 0.5, 0.02)","Take the block that is lowest and place it between the blocks that are (-0.3, 0.0) from the blue block and rightmost",0,2,[2 1],"(0.0, 0.5, 0.02)","(0.0, 0.23, 0.02)","(-0.3, 0.23, 0.02)","(-0.3, 0.5, 0.02)",0.27,"*** Observation *** 
Here is the initial position of each block and the end effector: 
Red Cube: (-0.15, 0.1)
Green Cube: (-0.3, 0.5)
Blue Cube: (0.0, 0.23)
Yellow Cube: (-0.3, 0.23)
End Effector: (0, 0.25)
Note - the arm itself is at 0,0. Assume that the x-axis determines left and right and the y-axis top and bottom."
405,"(0.3, 0.23, 0.02)","(0.15, 0.1, 0.02)","(-0.3, 0.5, 0.02)","(0.15, 0.23, 0.02)",Take the block that is coloured iceberg-colored and place it -2 horizontally and -3 vertically relative to the block that is coloured associated with brightness,1,1,2,"(0.3, 0.23, 0.02)","(-2.3, -2.5, 0.02)","(-0.3, 0.5, 0.02)","(0.15, 0.23, 0.02)",0.15,"*** Observation *** 
Here is the initial position of each block and the end effector: 
Red Cube: (0.3, 0.23)
Green Cube: (0.15, 0.23)
Blue Cube: (0.15, 0.1)
Yellow Cube: (-0.3, 0.5)
End Effector: (0, 0.25)
Note - the arm itself is at 0,0. Assume that the x-axis determines left and right and the y-axis top and bottom."
406,"(-0.15, 0.5, 0.02)","(0.0, 0.23, 0.02)","(0.3, 0.37, 0.02)","(-0.3, 0.37, 0.02)",Take the block that is coloured the royal one and place it -3 horizontally and -1 vertically relative to the block that is coloured the colour that signifies 'go',1,1,3,"(-0.15, 0.5, 0.02)","(-3.3, -0.63, 0.02)","(0.3, 0.37, 0.02)","(-0.3, 0.37, 0.02)",0.2,"*** Observation *** 
Here is the initial position of each block and the end effector: 
Red Cube: (-0.15, 0.5)
Green Cube: (-0.3, 0.37)
Blue Cube: (0.0, 0.23)
Yellow Cube: (0.3, 0.37)
End Effector: (0, 0.25)
Note - the arm itself is at 0,0. Assume that the x-axis determines left and right and the y-axis top and bottom."
407,"(-0.15, 0.23, 0.02)","(-0.3, 0.5, 0.02)","(-0.3, 0.37, 0.02)","(0.0, 0.5, 0.02)","Take the block that is (0.0, -0.1333333333333333) from the blue block and place it at [0.3 0.1]",2,0,,"(-0.15, 0.23, 0.02)","(-0.3, 0.5, 0.02)","(0.3, 0.1, 0.02)","(0.0, 0.5, 0.02)",0.3,"*** Observation *** 
Here is the initial position of each block and the end effector: 
Red Cube: (-0.15, 0.23)
Green Cube: (0.0, 0.5)
Blue Cube: (-0.3, 0.5)
Yellow Cube: (-0.3, 0.37)
End Effector: (0, 0.25)
Note - the arm itself is at 0,0. Assume that the x-axis determines left and right and the y-axis top and bottom."
408,"(0.0, 0.23, 0.02)","(0.3, 0.5, 0.02)","(0.15, 0.1, 0.02)","(-0.3, 0.37, 0.02)",Take the block that is coloured scarlet and place it 1 horizontally and 3 vertically relative to the block that is coloured associated with brightness,0,1,2,"(1.15, 3.1, 0.02)","(0.3, 0.5, 0.02)","(0.15, 0.1, 0.02)","(-0.3, 0.37, 0.02)",0.43,"*** Observation *** 
Here is the initial position of each block and the end effector: 
Red Cube: (0.0, 0.23)
Green Cube: (-0.3, 0.37)
Blue Cube: (0.3, 0.5)
Yellow Cube: (0.15, 0.1)
End Effector: (0, 0.25)
Note - the arm itself is at 0,0. Assume that the x-axis determines left and right and the y-axis top and bottom."
409,"(0.0, 0.5, 0.02)","(-0.15, 0.1, 0.02)","(-0.3, 0.1, 0.02)","(0.3, 0.5, 0.02)","Take the block that is (0.15, 0.0) from the yellow block and place it -1 horizontally and 3 vertically relative to the block that is leftmost",1,1,2,"(0.0, 0.5, 0.02)","(-1.3, 3.1, 0.02)","(-0.3, 0.1, 0.02)","(0.3, 0.5, 0.02)",0.3,"*** Observation *** 
Here is the initial position of each block and the end effector: 
Red Cube: (0.0, 0.5)
Green Cube: (0.3, 0.5)
Blue Cube: (-0.15, 0.1)
Yellow Cube: (-0.3, 0.1)
End Effector: (0, 0.25)
Note - the arm itself is at 0,0. Assume that the x-axis determines left and right and the y-axis top and bottom."
410,"(-0.15, 0.37, 0.02)","(0.15, 0.5, 0.02)","(-0.15, 0.5, 0.02)","(-0.3, 0.5, 0.02)",Take the block that is coloured the colour of envy and place it at [0.  0.1],3,0,,"(-0.15, 0.37, 0.02)","(0.15, 0.5, 0.02)","(-0.15, 0.5, 0.02)","(0.0, 0.1, 0.02)",0.13,"*** Observation *** 
Here is the initial position of each block and the end effector: 
Red Cube: (-0.15, 0.37)
Green Cube: (-0.3, 0.5)
Blue Cube: (0.15, 0.5)
Yellow Cube: (-0.15, 0.5)
End Effector: (0, 0.25)
Note - the arm itself is at 0,0. Assume that the x-axis determines left and right and the y-axis top and bottom."
411,"(-0.15, 0.37, 0.02)","(0.15, 0.23, 0.02)","(-0.3, 0.37, 0.02)","(0.0, 0.37, 0.02)",Take the block that is coloured yellow and place it -4 horizontally and -3 vertically relative to the block that is coloured associated with war,2,1,0,"(-0.15, 0.37, 0.02)","(0.15, 0.23, 0.02)","(-4.15, -2.63, 0.02)","(0.0, 0.37, 0.02)",0.15,"*** Observation *** 
Here is the initial position of each block and the end effector: 
Red Cube: (-0.15, 0.37)
Green Cube: (0.0, 0.37)
Blue Cube: (0.15, 0.23)
Yellow Cube: (-0.3, 0.37)
End Effector: (0, 0.25)
Note - the arm itself is at 0,0. Assume that the x-axis determines left and right and the y-axis top and bottom."
412,"(0.3, 0.5, 0.02)","(0.15, 0.23, 0.02)","(0.0, 0.37, 0.02)","(-0.15, 0.37, 0.02)",Take the block that is coloured matches stop signs and place it at [0.3 0.1],0,0,,"(0.3, 0.1, 0.02)","(0.15, 0.23, 0.02)","(0.0, 0.37, 0.02)","(-0.15, 0.37, 0.02)",0.15,"*** Observation *** 
Here is the initial position of each block and the end effector: 
Red Cube: (0.3, 0.5)
Green Cube: (-0.15, 0.37)
Blue Cube: (0.15, 0.23)
Yellow Cube: (0.0, 0.37)
End Effector: (0, 0.25)
Note - the arm itself is at 0,0. Assume that the x-axis determines left and right and the y-axis top and bottom."
413,"(-0.15, 0.1, 0.02)","(0.0, 0.1, 0.02)","(0.0, 0.23, 0.02)","(0.0, 0.5, 0.02)",Take the block that is coloured yellow and place it at [-0.3         0.23333333],2,0,,"(-0.15, 0.1, 0.02)","(0.0, 0.1, 0.02)","(-0.3, 0.23, 0.02)","(0.0, 0.5, 0.02)",0.15,"*** Observation *** 
Here is the initial position of each block and the end effector: 
Red Cube: (-0.15, 0.1)
Green Cube: (0.0, 0.5)
Blue Cube: (0.0, 0.1)
Yellow Cube: (0.0, 0.23)
End Effector: (0, 0.25)
Note - the arm itself is at 0,0. Assume that the x-axis determines left and right and the y-axis top and bottom."
414,"(0.0, 0.5, 0.02)","(0.0, 0.23, 0.02)","(-0.3, 0.5, 0.02)","(0.0, 0.37, 0.02)",Take the block that is coloured the sad one and place it between the blocks that are leftmost and coloured lime,1,2,[2 3],"(0.0, 0.5, 0.02)","(-0.15, 0.5, 0.02)","(-0.3, 0.5, 0.02)","(0.0, 0.37, 0.02)",0.13,"*** Observation *** 
Here is the initial position of each block and the end effector: 
Red Cube: (0.0, 0.5)
Green Cube: (0.0, 0.37)
Blue Cube: (0.0, 0.23)
Yellow Cube: (-0.3, 0.5)
End Effector: (0, 0.25)
Note - the arm itself is at 0,0. Assume that the x-axis determines left and right and the y-axis top and bottom."
415,"(0.3, 0.5, 0.02)","(-0.15, 0.1, 0.02)","(-0.3, 0.1, 0.02)","(-0.3, 0.37, 0.02)",Take the block that is coloured red and place it at [0.  0.5],0,0,,"(0.0, 0.5, 0.02)","(-0.15, 0.1, 0.02)","(-0.3, 0.1, 0.02)","(-0.3, 0.37, 0.02)",0.15,"*** Observation *** 
Here is the initial position of each block and the end effector: 
Red Cube: (0.3, 0.5)
Green Cube: (-0.3, 0.37)
Blue Cube: (-0.15, 0.1)
Yellow Cube: (-0.3, 0.1)
End Effector: (0, 0.25)
Note - the arm itself is at 0,0. Assume that the x-axis determines left and right and the y-axis top and bottom."
416,"(0.15, 0.5, 0.02)","(-0.15, 0.23, 0.02)","(0.0, 0.1, 0.02)","(0.0, 0.23, 0.02)",Take the block that is coloured green and place it at [-0.15  0.5 ],3,0,,"(0.15, 0.5, 0.02)","(-0.15, 0.23, 0.02)","(0.0, 0.1, 0.02)","(-0.15, 0.5, 0.02)",0.2,"*** Observation *** 
Here is the initial position of each block and the end effector: 
Red Cube: (0.15, 0.5)
Green Cube: (0.0, 0.23)
Blue Cube: (-0.15, 0.23)
Yellow Cube: (0.0, 0.1)
End Effector: (0, 0.25)
Note - the arm itself is at 0,0. Assume that the x-axis determines left and right and the y-axis top and bottom."
417,"(0.3, 0.23, 0.02)","(0.3, 0.1, 0.02)","(0.15, 0.37, 0.02)","(0.15, 0.23, 0.02)",Take the block that is coloured the sad one and place it at [0.         0.36666667],1,0,,"(0.3, 0.23, 0.02)","(0.0, 0.37, 0.02)","(0.15, 0.37, 0.02)","(0.15, 0.23, 0.02)",0.14,"*** Observation *** 
Here is the initial position of each block and the end effector: 
Red Cube: (0.3, 0.23)
Green Cube: (0.15, 0.23)
Blue Cube: (0.3, 0.1)
Yellow Cube: (0.15, 0.37)
End Effector: (0, 0.25)
Note - the arm itself is at 0,0. Assume that the x-axis determines left and right and the y-axis top and bottom."
418,"(0.15, 0.23, 0.02)","(0.0, 0.37, 0.02)","(-0.15, 0.1, 0.02)","(0.0, 0.23, 0.02)",Take the block that is coloured the color of money and place it -2 horizontally and -3 vertically relative to the block that is coloured ruby,3,1,0,"(0.15, 0.23, 0.02)","(0.0, 0.37, 0.02)","(-0.15, 0.1, 0.02)","(-1.85, -2.77, 0.02)",0.21,"*** Observation *** 
Here is the initial position of each block and the end effector: 
Red Cube: (0.15, 0.23)
Green Cube: (0.0, 0.23)
Blue Cube: (0.0, 0.37)
Yellow Cube: (-0.15, 0.1)
End Effector: (0, 0.25)
Note - the arm itself is at 0,0. Assume that the x-axis determines left and right and the y-axis top and bottom."
419,"(0.3, 0.23, 0.02)","(0.3, 0.37, 0.02)","(0.0, 0.23, 0.02)","(-0.3, 0.5, 0.02)",Take the block that is coloured green and place it at [-0.15  0.5 ],3,0,,"(0.3, 0.23, 0.02)","(0.3, 0.37, 0.02)","(0.0, 0.23, 0.02)","(-0.15, 0.5, 0.02)",0.14,"*** Observation *** 
Here is the initial position of each block and the end effector: 
Red Cube: (0.3, 0.23)
Green Cube: (-0.3, 0.5)
Blue Cube: (0.3, 0.37)
Yellow Cube: (0.0, 0.23)
End Effector: (0, 0.25)
Note - the arm itself is at 0,0. Assume that the x-axis determines left and right and the y-axis top and bottom."
420,"(-0.3, 0.5, 0.02)","(0.0, 0.37, 0.02)","(-0.15, 0.1, 0.02)","(0.3, 0.23, 0.02)",Take the block that is leftmost and place it at [-0.3         0.23333333],0,0,,"(-0.3, 0.23, 0.02)","(0.0, 0.37, 0.02)","(-0.15, 0.1, 0.02)","(0.3, 0.23, 0.02)",0.2,"*** Observation *** 
Here is the initial position of each block and the end effector: 
Red Cube: (-0.3, 0.5)
Green Cube: (0.3, 0.23)
Blue Cube: (0.0, 0.37)
Yellow Cube: (-0.15, 0.1)
End Effector: (0, 0.25)
Note - the arm itself is at 0,0. Assume that the x-axis determines left and right and the y-axis top and bottom."
421,"(-0.15, 0.5, 0.02)","(0.0, 0.1, 0.02)","(-0.15, 0.23, 0.02)","(0.3, 0.1, 0.02)","Take the block that is (-0.3, 0.0) from the green block and place it between the blocks that are coloured frog-colored and (-0.44999999999999996, 0.13333333333333333) from the green block",1,2,[3 2],"(-0.15, 0.5, 0.02)","(0.08, 0.17, 0.02)","(-0.15, 0.23, 0.02)","(0.3, 0.1, 0.02)",0.23,"*** Observation *** 
Here is the initial position of each block and the end effector: 
Red Cube: (-0.15, 0.5)
Green Cube: (0.3, 0.1)
Blue Cube: (0.0, 0.1)
Yellow Cube: (-0.15, 0.23)
End Effector: (0, 0.25)
Note - the arm itself is at 0,0. Assume that the x-axis determines left and right and the y-axis top and bottom."
422,"(-0.3, 0.1, 0.02)","(-0.3, 0.37, 0.02)","(0.3, 0.23, 0.02)","(0.3, 0.5, 0.02)","Take the block that is lowest and place it between the blocks that are (-0.6, 0.13333333333333336) from the yellow block and coloured yellow",0,2,[1 2],"(0.0, 0.3, 0.02)","(-0.3, 0.37, 0.02)","(0.3, 0.23, 0.02)","(0.3, 0.5, 0.02)",0.27,"*** Observation *** 
Here is the initial position of each block and the end effector: 
Red Cube: (-0.3, 0.1)
Green Cube: (0.3, 0.5)
Blue Cube: (-0.3, 0.37)
Yellow Cube: (0.3, 0.23)
End Effector: (0, 0.25)
Note - the arm itself is at 0,0. Assume that the x-axis determines left and right and the y-axis top and bottom."
423,"(-0.3, 0.23, 0.02)","(0.3, 0.37, 0.02)","(0.15, 0.23, 0.02)","(0.0, 0.23, 0.02)",Take the block that is coloured blue and place it at [0.15       0.36666667],1,0,,"(-0.3, 0.23, 0.02)","(0.15, 0.37, 0.02)","(0.15, 0.23, 0.02)","(0.0, 0.23, 0.02)",0.14,"*** Observation *** 
Here is the initial position of each block and the end effector: 
Red Cube: (-0.3, 0.23)
Green Cube: (0.0, 0.23)
Blue Cube: (0.3, 0.37)
Yellow Cube: (0.15, 0.23)
End Effector: (0, 0.25)
Note - the arm itself is at 0,0. Assume that the x-axis determines left and right and the y-axis top and bottom."
424,"(0.3, 0.5, 0.02)","(0.0, 0.23, 0.02)","(-0.3, 0.5, 0.02)","(-0.15, 0.37, 0.02)",Take the block that is coloured cobalt and place it between the blocks that are coloured lime and rightmost,1,2,[3 0],"(0.3, 0.5, 0.02)","(0.08, 0.43, 0.02)","(-0.3, 0.5, 0.02)","(-0.15, 0.37, 0.02)",0.2,"*** Observation *** 
Here is the initial position of each block and the end effector: 
Red Cube: (0.3, 0.5)
Green Cube: (-0.15, 0.37)
Blue Cube: (0.0, 0.23)
Yellow Cube: (-0.3, 0.5)
End Effector: (0, 0.25)
Note - the arm itself is at 0,0. Assume that the x-axis determines left and right and the y-axis top and bottom."
425,"(0.15, 0.23, 0.02)","(0.3, 0.23, 0.02)","(0.0, 0.37, 0.02)","(0.15, 0.37, 0.02)","Take the block that is (0.0, 0.13333333333333336) from the red block and place it at [0.  0.1]",3,0,,"(0.15, 0.23, 0.02)","(0.3, 0.23, 0.02)","(0.0, 0.37, 0.02)","(0.0, 0.1, 0.02)",0.15,"*** Observation *** 
Here is the initial position of each block and the end effector: 
Red Cube: (0.15, 0.23)
Green Cube: (0.15, 0.37)
Blue Cube: (0.3, 0.23)
Yellow Cube: (0.0, 0.37)
End Effector: (0, 0.25)
Note - the arm itself is at 0,0. Assume that the x-axis determines left and right and the y-axis top and bottom."
426,"(-0.3, 0.37, 0.02)","(-0.3, 0.5, 0.02)","(0.3, 0.1, 0.02)","(0.0, 0.23, 0.02)",Take the block that is coloured the nature-colored ball and place it at [0.15       0.36666667],3,0,,"(-0.3, 0.37, 0.02)","(-0.3, 0.5, 0.02)","(0.3, 0.1, 0.02)","(0.15, 0.37, 0.02)",0.13,"*** Observation *** 
Here is the initial position of each block and the end effector: 
Red Cube: (-0.3, 0.37)
Green Cube: (0.0, 0.23)
Blue Cube: (-0.3, 0.5)
Yellow Cube: (0.3, 0.1)
End Effector: (0, 0.25)
Note - the arm itself is at 0,0. Assume that the x-axis determines left and right and the y-axis top and bottom."
427,"(0.3, 0.37, 0.02)","(-0.3, 0.23, 0.02)","(0.15, 0.23, 0.02)","(-0.15, 0.5, 0.02)",Take the block that is coloured blue and place it between the blocks that are coloured yellow and highest,1,2,[2 3],"(0.3, 0.37, 0.02)","(-0.0, 0.37, 0.02)","(0.15, 0.23, 0.02)","(-0.15, 0.5, 0.02)",0.2,"*** Observation *** 
Here is the initial position of each block and the end effector: 
Red Cube: (0.3, 0.37)
Green Cube: (-0.15, 0.5)
Blue Cube: (-0.3, 0.23)
Yellow Cube: (0.15, 0.23)
End Effector: (0, 0.25)
Note - the arm itself is at 0,0. Assume that the x-axis determines left and right and the y-axis top and bottom."
428,"(0.0, 0.37, 0.02)","(0.0, 0.23, 0.02)","(-0.3, 0.37, 0.02)","(-0.3, 0.5, 0.02)",Take the block that is coloured associated with war and place it at [-0.3  0.1],0,0,,"(-0.3, 0.1, 0.02)","(0.0, 0.23, 0.02)","(-0.3, 0.37, 0.02)","(-0.3, 0.5, 0.02)",0.13,"*** Observation *** 
Here is the initial position of each block and the end effector: 
Red Cube: (0.0, 0.37)
Green Cube: (-0.3, 0.5)
Blue Cube: (0.0, 0.23)
Yellow Cube: (-0.3, 0.37)
End Effector: (0, 0.25)
Note - the arm itself is at 0,0. Assume that the x-axis determines left and right and the y-axis top and bottom."
429,"(0.3, 0.1, 0.02)","(-0.15, 0.5, 0.02)","(0.0, 0.23, 0.02)","(0.3, 0.5, 0.02)",Take the block that is coloured blue and place it at [-0.3         0.23333333],1,0,,"(0.3, 0.1, 0.02)","(-0.3, 0.23, 0.02)","(0.0, 0.23, 0.02)","(0.3, 0.5, 0.02)",0.3,"*** Observation *** 
Here is the initial position of each block and the end effector: 
Red Cube: (0.3, 0.1)
Green Cube: (0.3, 0.5)
Blue Cube: (-0.15, 0.5)
Yellow Cube: (0.0, 0.23)
End Effector: (0, 0.25)
Note - the arm itself is at 0,0. Assume that the x-axis determines left and right and the y-axis top and bottom."
430,"(0.3, 0.1, 0.02)","(-0.15, 0.37, 0.02)","(0.3, 0.5, 0.02)","(0.15, 0.1, 0.02)",Take the block that is coloured ruby and place it at [0.         0.23333333],0,0,,"(0.0, 0.23, 0.02)","(-0.15, 0.37, 0.02)","(0.3, 0.5, 0.02)","(0.15, 0.1, 0.02)",0.2,"*** Observation *** 
Here is the initial position of each block and the end effector: 
Red Cube: (0.3, 0.1)
Green Cube: (0.15, 0.1)
Blue Cube: (-0.15, 0.37)
Yellow Cube: (0.3, 0.5)
End Effector: (0, 0.25)
Note - the arm itself is at 0,0. Assume that the x-axis determines left and right and the y-axis top and bottom."
431,"(0.0, 0.5, 0.02)","(0.3, 0.1, 0.02)","(0.15, 0.23, 0.02)","(-0.15, 0.5, 0.02)",Take the block that is leftmost and place it 2 horizontally and 2 vertically relative to the block that is coloured the colour of the US democratic party,3,1,1,"(0.0, 0.5, 0.02)","(0.3, 0.1, 0.02)","(0.15, 0.23, 0.02)","(2.3, 2.1, 0.02)",0.2,"*** Observation *** 
Here is the initial position of each block and the end effector: 
Red Cube: (0.0, 0.5)
Green Cube: (-0.15, 0.5)
Blue Cube: (0.3, 0.1)
Yellow Cube: (0.15, 0.23)
End Effector: (0, 0.25)
Note - the arm itself is at 0,0. Assume that the x-axis determines left and right and the y-axis top and bottom."
432,"(0.15, 0.37, 0.02)","(0.3, 0.23, 0.02)","(0.0, 0.37, 0.02)","(-0.15, 0.1, 0.02)","Take the block that is (-0.14999999999999997, 0.0) from the red block and place it at [0.3        0.36666667]",2,0,,"(0.15, 0.37, 0.02)","(0.3, 0.23, 0.02)","(0.3, 0.37, 0.02)","(-0.15, 0.1, 0.02)",0.14,"*** Observation *** 
Here is the initial position of each block and the end effector: 
Red Cube: (0.15, 0.37)
Green Cube: (-0.15, 0.1)
Blue Cube: (0.3, 0.23)
Yellow Cube: (0.0, 0.37)
End Effector: (0, 0.25)
Note - the arm itself is at 0,0. Assume that the x-axis determines left and right and the y-axis top and bottom."
433,"(0.15, 0.37, 0.02)","(-0.3, 0.37, 0.02)","(0.3, 0.37, 0.02)","(0.3, 0.1, 0.02)","Take the block that is (0.15000000000000002, 0.0) from the red block and place it -3 horizontally and -2 vertically relative to the block that is lowest",2,1,3,"(0.15, 0.37, 0.02)","(-0.3, 0.37, 0.02)","(-2.7, -1.9, 0.02)","(0.3, 0.1, 0.02)",0.31,"*** Observation *** 
Here is the initial position of each block and the end effector: 
Red Cube: (0.15, 0.37)
Green Cube: (0.3, 0.1)
Blue Cube: (-0.3, 0.37)
Yellow Cube: (0.3, 0.37)
End Effector: (0, 0.25)
Note - the arm itself is at 0,0. Assume that the x-axis determines left and right and the y-axis top and bottom."
434,"(-0.15, 0.1, 0.02)","(0.0, 0.37, 0.02)","(0.3, 0.37, 0.02)","(-0.15, 0.37, 0.02)","Take the block that is (-0.3, 0.0) from the yellow block and place it at [0.3 0.1]",1,0,,"(-0.15, 0.1, 0.02)","(0.3, 0.1, 0.02)","(0.3, 0.37, 0.02)","(-0.15, 0.37, 0.02)",0.27,"*** Observation *** 
Here is the initial position of each block and the end effector: 
Red Cube: (-0.15, 0.1)
Green Cube: (-0.15, 0.37)
Blue Cube: (0.0, 0.37)
Yellow Cube: (0.3, 0.37)
End Effector: (0, 0.25)
Note - the arm itself is at 0,0. Assume that the x-axis determines left and right and the y-axis top and bottom."
435,"(0.0, 0.1, 0.02)","(-0.3, 0.1, 0.02)","(-0.3, 0.23, 0.02)","(-0.3, 0.37, 0.02)",Take the block that is coloured red and place it at [-0.15  0.5 ],0,0,,"(-0.15, 0.5, 0.02)","(-0.3, 0.1, 0.02)","(-0.3, 0.23, 0.02)","(-0.3, 0.37, 0.02)",0.13,"*** Observation *** 
Here is the initial position of each block and the end effector: 
Red Cube: (0.0, 0.1)
Green Cube: (-0.3, 0.37)
Blue Cube: (-0.3, 0.1)
Yellow Cube: (-0.3, 0.23)
End Effector: (0, 0.25)
Note - the arm itself is at 0,0. Assume that the x-axis determines left and right and the y-axis top and bottom."
436,"(-0.3, 0.5, 0.02)","(-0.3, 0.23, 0.02)","(-0.15, 0.1, 0.02)","(0.15, 0.37, 0.02)",Take the block that is coloured emerald and place it at [-0.3         0.36666667],3,0,,"(-0.3, 0.5, 0.02)","(-0.3, 0.23, 0.02)","(-0.15, 0.1, 0.02)","(-0.3, 0.37, 0.02)",0.13,"*** Observation *** 
Here is the initial position of each block and the end effector: 
Red Cube: (-0.3, 0.5)
Green Cube: (0.15, 0.37)
Blue Cube: (-0.3, 0.23)
Yellow Cube: (-0.15, 0.1)
End Effector: (0, 0.25)
Note - the arm itself is at 0,0. Assume that the x-axis determines left and right and the y-axis top and bottom."
437,"(0.0, 0.23, 0.02)","(0.3, 0.23, 0.02)","(0.3, 0.1, 0.02)","(-0.3, 0.37, 0.02)",Take the block that is coloured green and place it at [-0.15  0.1 ],3,0,,"(0.0, 0.23, 0.02)","(0.3, 0.23, 0.02)","(0.3, 0.1, 0.02)","(-0.15, 0.1, 0.02)",0.13,"*** Observation *** 
Here is the initial position of each block and the end effector: 
Red Cube: (0.0, 0.23)
Green Cube: (-0.3, 0.37)
Blue Cube: (0.3, 0.23)
Yellow Cube: (0.3, 0.1)
End Effector: (0, 0.25)
Note - the arm itself is at 0,0. Assume that the x-axis determines left and right and the y-axis top and bottom."
438,"(0.0, 0.23, 0.02)","(0.3, 0.37, 0.02)","(0.0, 0.5, 0.02)","(0.3, 0.23, 0.02)","Take the block that is (0.3, 0.0) from the red block and place it -1 horizontally and -1 vertically relative to the block that is coloured matches stop signs",3,1,0,"(0.0, 0.23, 0.02)","(0.3, 0.37, 0.02)","(0.0, 0.5, 0.02)","(-1.0, -0.77, 0.02)",0.27,"*** Observation *** 
Here is the initial position of each block and the end effector: 
Red Cube: (0.0, 0.23)
Green Cube: (0.3, 0.23)
Blue Cube: (0.3, 0.37)
Yellow Cube: (0.0, 0.5)
End Effector: (0, 0.25)
Note - the arm itself is at 0,0. Assume that the x-axis determines left and right and the y-axis top and bottom."
439,"(0.0, 0.23, 0.02)","(-0.15, 0.1, 0.02)","(-0.3, 0.37, 0.02)","(0.0, 0.5, 0.02)",Take the block that is coloured yellow and place it -2 horizontally and -2 vertically relative to the block that is coloured sapphire,2,1,1,"(0.0, 0.23, 0.02)","(-0.15, 0.1, 0.02)","(-2.15, -1.9, 0.02)","(0.0, 0.5, 0.02)",0.2,"*** Observation *** 
Here is the initial position of each block and the end effector: 
Red Cube: (0.0, 0.23)
Green Cube: (0.0, 0.5)
Blue Cube: (-0.15, 0.1)
Yellow Cube: (-0.3, 0.37)
End Effector: (0, 0.25)
Note - the arm itself is at 0,0. Assume that the x-axis determines left and right and the y-axis top and bottom."
440,"(-0.3, 0.23, 0.02)","(-0.15, 0.5, 0.02)","(-0.15, 0.37, 0.02)","(-0.3, 0.37, 0.02)",Take the block that is lowest and place it at [0.3        0.36666667],0,0,,"(0.3, 0.37, 0.02)","(-0.15, 0.5, 0.02)","(-0.15, 0.37, 0.02)","(-0.3, 0.37, 0.02)",0.13,"*** Observation *** 
Here is the initial position of each block and the end effector: 
Red Cube: (-0.3, 0.23)
Green Cube: (-0.3, 0.37)
Blue Cube: (-0.15, 0.5)
Yellow Cube: (-0.15, 0.37)
End Effector: (0, 0.25)
Note - the arm itself is at 0,0. Assume that the x-axis determines left and right and the y-axis top and bottom."
441,"(0.3, 0.5, 0.02)","(0.3, 0.37, 0.02)","(0.15, 0.1, 0.02)","(-0.15, 0.1, 0.02)",Take the block that is coloured yellow and place it at [-0.3         0.23333333],2,0,,"(0.3, 0.5, 0.02)","(0.3, 0.37, 0.02)","(-0.3, 0.23, 0.02)","(-0.15, 0.1, 0.02)",0.13,"*** Observation *** 
Here is the initial position of each block and the end effector: 
Red Cube: (0.3, 0.5)
Green Cube: (-0.15, 0.1)
Blue Cube: (0.3, 0.37)
Yellow Cube: (0.15, 0.1)
End Effector: (0, 0.25)
Note - the arm itself is at 0,0. Assume that the x-axis determines left and right and the y-axis top and bottom."
442,"(-0.15, 0.5, 0.02)","(-0.3, 0.5, 0.02)","(0.0, 0.5, 0.02)","(-0.3, 0.23, 0.02)",Take the block that is coloured the colour of envy and place it at [0.3 0.5],3,0,,"(-0.15, 0.5, 0.02)","(-0.3, 0.5, 0.02)","(0.0, 0.5, 0.02)","(0.3, 0.5, 0.02)",0.15,"*** Observation *** 
Here is the initial position of each block and the end effector: 
Red Cube: (-0.15, 0.5)
Green Cube: (-0.3, 0.23)
Blue Cube: (-0.3, 0.5)
Yellow Cube: (0.0, 0.5)
End Effector: (0, 0.25)
Note - the arm itself is at 0,0. Assume that the x-axis determines left and right and the y-axis top and bottom."
443,"(-0.15, 0.37, 0.02)","(-0.3, 0.1, 0.02)","(0.3, 0.37, 0.02)","(0.3, 0.5, 0.02)","Take the block that is (0.44999999999999996, 0.0) from the red block and place it -4 horizontally and -1 vertically relative to the block that is highest",2,1,3,"(-0.15, 0.37, 0.02)","(-0.3, 0.1, 0.02)","(-3.7, -0.5, 0.02)","(0.3, 0.5, 0.02)",0.31,"*** Observation *** 
Here is the initial position of each block and the end effector: 
Red Cube: (-0.15, 0.37)
Green Cube: (0.3, 0.5)
Blue Cube: (-0.3, 0.1)
Yellow Cube: (0.3, 0.37)
End Effector: (0, 0.25)
Note - the arm itself is at 0,0. Assume that the x-axis determines left and right and the y-axis top and bottom."
444,"(0.3, 0.5, 0.02)","(0.0, 0.23, 0.02)","(0.3, 0.1, 0.02)","(-0.15, 0.37, 0.02)",Take the block that is leftmost and place it between the blocks that are lowest and coloured red,3,2,[2 0],"(0.3, 0.5, 0.02)","(0.0, 0.23, 0.02)","(0.3, 0.1, 0.02)","(0.3, 0.3, 0.02)",0.2,"*** Observation *** 
Here is the initial position of each block and the end effector: 
Red Cube: (0.3, 0.5)
Green Cube: (-0.15, 0.37)
Blue Cube: (0.0, 0.23)
Yellow Cube: (0.3, 0.1)
End Effector: (0, 0.25)
Note - the arm itself is at 0,0. Assume that the x-axis determines left and right and the y-axis top and bottom."
445,"(0.15, 0.5, 0.02)","(0.0, 0.5, 0.02)","(0.0, 0.37, 0.02)","(0.15, 0.23, 0.02)","Take the block that is (-0.14999999999999997, -0.1333333333333333) from the red block and place it between the blocks that are lowest and coloured iceberg-colored",2,2,[3 1],"(0.15, 0.5, 0.02)","(0.0, 0.5, 0.02)","(0.3, 0.23, 0.02)","(0.15, 0.23, 0.02)",0.15,"*** Observation *** 
Here is the initial position of each block and the end effector: 
Red Cube: (0.15, 0.5)
Green Cube: (0.15, 0.23)
Blue Cube: (0.0, 0.5)
Yellow Cube: (0.0, 0.37)
End Effector: (0, 0.25)
Note - the arm itself is at 0,0. Assume that the x-axis determines left and right and the y-axis top and bottom."
446,"(0.15, 0.23, 0.02)","(0.3, 0.5, 0.02)","(-0.3, 0.23, 0.02)","(-0.15, 0.37, 0.02)",Take the block that is rightmost and place it -4 horizontally and 3 vertically relative to the block that is coloured green,1,1,3,"(0.15, 0.23, 0.02)","(-4.15, 3.37, 0.02)","(-0.3, 0.23, 0.02)","(-0.15, 0.37, 0.02)",0.21,"*** Observation *** 
Here is the initial position of each block and the end effector: 
Red Cube: (0.15, 0.23)
Green Cube: (-0.15, 0.37)
Blue Cube: (0.3, 0.5)
Yellow Cube: (-0.3, 0.23)
End Effector: (0, 0.25)
Note - the arm itself is at 0,0. Assume that the x-axis determines left and right and the y-axis top and bottom."
447,"(0.3, 0.1, 0.02)","(-0.3, 0.1, 0.02)","(0.15, 0.23, 0.02)","(0.3, 0.23, 0.02)","Take the block that is coloured blue and place it between the blocks that are (0.44999999999999996, 0.13333333333333333) from the blue block and coloured the color of money",1,2,[2 3],"(0.3, 0.1, 0.02)","(0.0, 0.5, 0.02)","(0.15, 0.23, 0.02)","(0.3, 0.23, 0.02)",0.13,"*** Observation *** 
Here is the initial position of each block and the end effector: 
Red Cube: (0.3, 0.1)
Green Cube: (0.3, 0.23)
Blue Cube: (-0.3, 0.1)
Yellow Cube: (0.15, 0.23)
End Effector: (0, 0.25)
Note - the arm itself is at 0,0. Assume that the x-axis determines left and right and the y-axis top and bottom."
448,"(-0.15, 0.23, 0.02)","(0.3, 0.37, 0.02)","(0.15, 0.1, 0.02)","(0.0, 0.23, 0.02)",Take the block that is coloured gold and place it at [-0.3         0.36666667],2,0,,"(-0.15, 0.23, 0.02)","(0.3, 0.37, 0.02)","(-0.3, 0.37, 0.02)","(0.0, 0.23, 0.02)",0.15,"*** Observation *** 
Here is the initial position of each block and the end effector: 
Red Cube: (-0.15, 0.23)
Green Cube: (0.0, 0.23)
Blue Cube: (0.3, 0.37)
Yellow Cube: (0.15, 0.1)
End Effector: (0, 0.25)
Note - the arm itself is at 0,0. Assume that the x-axis determines left and right and the y-axis top and bottom."
449,"(0.15, 0.37, 0.02)","(0.15, 0.1, 0.02)","(0.3, 0.5, 0.02)","(0.3, 0.1, 0.02)","Take the block that is (0.15000000000000002, 0.0) from the blue block and place it -2 horizontally and -2 vertically relative to the block that is coloured red",3,1,0,"(0.15, 0.37, 0.02)","(0.15, 0.1, 0.02)","(0.3, 0.5, 0.02)","(-1.85, -1.63, 0.02)",0.2,"*** Observation *** 
Here is the initial position of each block and the end effector: 
Red Cube: (0.15, 0.37)
Green Cube: (0.3, 0.1)
Blue Cube: (0.15, 0.1)
Yellow Cube: (0.3, 0.5)
End Effector: (0, 0.25)
Note - the arm itself is at 0,0. Assume that the x-axis determines left and right and the y-axis top and bottom."
450,"(-0.3, 0.5, 0.02)","(0.3, 0.23, 0.02)","(0.0, 0.5, 0.02)","(0.3, 0.5, 0.02)",Take the block that is lowest and place it at [-0.15  0.1 ],1,0,,"(-0.3, 0.5, 0.02)","(-0.15, 0.1, 0.02)","(0.0, 0.5, 0.02)","(0.3, 0.5, 0.02)",0.3,"*** Observation *** 
Here is the initial position of each block and the end effector: 
Red Cube: (-0.3, 0.5)
Green Cube: (0.3, 0.5)
Blue Cube: (0.3, 0.23)
Yellow Cube: (0.0, 0.5)
End Effector: (0, 0.25)
Note - the arm itself is at 0,0. Assume that the x-axis determines left and right and the y-axis top and bottom."
451,"(-0.15, 0.37, 0.02)","(0.3, 0.37, 0.02)","(0.15, 0.37, 0.02)","(-0.3, 0.37, 0.02)","Take the block that is (0.15, 0.0) from the green block and place it at [0.         0.23333333]",0,0,,"(0.0, 0.23, 0.02)","(0.3, 0.37, 0.02)","(0.15, 0.37, 0.02)","(-0.3, 0.37, 0.02)",0.15,"*** Observation *** 
Here is the initial position of each block and the end effector: 
Red Cube: (-0.15, 0.37)
Green Cube: (-0.3, 0.37)
Blue Cube: (0.3, 0.37)
Yellow Cube: (0.15, 0.37)
End Effector: (0, 0.25)
Note - the arm itself is at 0,0. Assume that the x-axis determines left and right and the y-axis top and bottom."
452,"(0.0, 0.37, 0.02)","(0.3, 0.5, 0.02)","(0.15, 0.5, 0.02)","(0.0, 0.23, 0.02)",Take the block that is rightmost and place it between the blocks that are coloured green and coloured yellow,1,2,[3 2],"(0.0, 0.37, 0.02)","(-0.15, 0.1, 0.02)","(0.15, 0.5, 0.02)","(0.0, 0.23, 0.02)",0.14,"*** Observation *** 
Here is the initial position of each block and the end effector: 
Red Cube: (0.0, 0.37)
Green Cube: (0.0, 0.23)
Blue Cube: (0.3, 0.5)
Yellow Cube: (0.15, 0.5)
End Effector: (0, 0.25)
Note - the arm itself is at 0,0. Assume that the x-axis determines left and right and the y-axis top and bottom."
453,"(-0.3, 0.5, 0.02)","(0.15, 0.5, 0.02)","(0.0, 0.1, 0.02)","(0.3, 0.1, 0.02)",Take the block that is coloured blue and place it at [0.15       0.23333333],1,0,,"(-0.3, 0.5, 0.02)","(0.15, 0.23, 0.02)","(0.0, 0.1, 0.02)","(0.3, 0.1, 0.02)",0.2,"*** Observation *** 
Here is the initial position of each block and the end effector: 
Red Cube: (-0.3, 0.5)
Green Cube: (0.3, 0.1)
Blue Cube: (0.15, 0.5)
Yellow Cube: (0.0, 0.1)
End Effector: (0, 0.25)
Note - the arm itself is at 0,0. Assume that the x-axis determines left and right and the y-axis top and bottom."
454,"(0.15, 0.1, 0.02)","(-0.15, 0.5, 0.02)","(0.15, 0.37, 0.02)","(-0.3, 0.1, 0.02)",Take the block that is coloured blue and place it at [0.3        0.23333333],1,0,,"(0.15, 0.1, 0.02)","(0.3, 0.23, 0.02)","(0.15, 0.37, 0.02)","(-0.3, 0.1, 0.02)",0.2,"*** Observation *** 
Here is the initial position of each block and the end effector: 
Red Cube: (0.15, 0.1)
Green Cube: (-0.3, 0.1)
Blue Cube: (-0.15, 0.5)
Yellow Cube: (0.15, 0.37)
End Effector: (0, 0.25)
Note - the arm itself is at 0,0. Assume that the x-axis determines left and right and the y-axis top and bottom."
455,"(0.3, 0.5, 0.02)","(0.15, 0.1, 0.02)","(-0.15, 0.5, 0.02)","(-0.3, 0.5, 0.02)","Take the block that is (-0.44999999999999996, 0.0) from the red block and place it at [0.3        0.36666667]",2,0,,"(0.3, 0.5, 0.02)","(0.15, 0.1, 0.02)","(0.3, 0.37, 0.02)","(-0.3, 0.5, 0.02)",0.13,"*** Observation *** 
Here is the initial position of each block and the end effector: 
Red Cube: (0.3, 0.5)
Green Cube: (-0.3, 0.5)
Blue Cube: (0.15, 0.1)
Yellow Cube: (-0.15, 0.5)
End Effector: (0, 0.25)
Note - the arm itself is at 0,0. Assume that the x-axis determines left and right and the y-axis top and bottom."
456,"(0.15, 0.23, 0.02)","(0.0, 0.37, 0.02)","(0.3, 0.1, 0.02)","(-0.15, 0.5, 0.02)",Take the block that is coloured red and place it at [-0.3  0.1],0,0,,"(-0.3, 0.1, 0.02)","(0.0, 0.37, 0.02)","(0.3, 0.1, 0.02)","(-0.15, 0.5, 0.02)",0.2,"*** Observation *** 
Here is the initial position of each block and the end effector: 
Red Cube: (0.15, 0.23)
Green Cube: (-0.15, 0.5)
Blue Cube: (0.0, 0.37)
Yellow Cube: (0.3, 0.1)
End Effector: (0, 0.25)
Note - the arm itself is at 0,0. Assume that the x-axis determines left and right and the y-axis top and bottom."
457,"(-0.3, 0.23, 0.02)","(-0.3, 0.5, 0.02)","(0.3, 0.1, 0.02)","(-0.15, 0.23, 0.02)","Take the block that is (-0.44999999999999996, 0.13333333333333333) from the yellow block and place it at [-0.3         0.36666667]",3,0,,"(-0.3, 0.23, 0.02)","(-0.3, 0.5, 0.02)","(0.3, 0.1, 0.02)","(-0.3, 0.37, 0.02)",0.13,"*** Observation *** 
Here is the initial position of each block and the end effector: 
Red Cube: (-0.3, 0.23)
Green Cube: (-0.15, 0.23)
Blue Cube: (-0.3, 0.5)
Yellow Cube: (0.3, 0.1)
End Effector: (0, 0.25)
Note - the arm itself is at 0,0. Assume that the x-axis determines left and right and the y-axis top and bottom."
458,"(-0.3, 0.5, 0.02)","(-0.15, 0.37, 0.02)","(-0.3, 0.23, 0.02)","(-0.15, 0.1, 0.02)",Take the block that is coloured green and place it -2 horizontally and -1 vertically relative to the block that is coloured red,3,1,0,"(-0.3, 0.5, 0.02)","(-0.15, 0.37, 0.02)","(-0.3, 0.23, 0.02)","(-2.3, -0.5, 0.02)",0.2,"*** Observation *** 
Here is the initial position of each block and the end effector: 
Red Cube: (-0.3, 0.5)
Green Cube: (-0.15, 0.1)
Blue Cube: (-0.15, 0.37)
Yellow Cube: (-0.3, 0.23)
End Effector: (0, 0.25)
Note - the arm itself is at 0,0. Assume that the x-axis determines left and right and the y-axis top and bottom."
459,"(-0.15, 0.37, 0.02)","(-0.3, 0.37, 0.02)","(0.3, 0.23, 0.02)","(0.0, 0.37, 0.02)","Take the block that is (0.15, 0.0) from the red block and place it at [-0.3         0.23333333]",3,0,,"(-0.15, 0.37, 0.02)","(-0.3, 0.37, 0.02)","(0.3, 0.23, 0.02)","(-0.3, 0.23, 0.02)",0.14,"*** Observation *** 
Here is the initial position of each block and the end effector: 
Red Cube: (-0.15, 0.37)
Green Cube: (0.0, 0.37)
Blue Cube: (-0.3, 0.37)
Yellow Cube: (0.3, 0.23)
End Effector: (0, 0.25)
Note - the arm itself is at 0,0. Assume that the x-axis determines left and right and the y-axis top and bottom."
460,"(0.0, 0.1, 0.02)","(0.3, 0.23, 0.02)","(-0.3, 0.5, 0.02)","(0.15, 0.1, 0.02)","Take the block that is (-0.15000000000000002, -0.13333333333333333) from the blue block and place it 1 horizontally and -3 vertically relative to the block that is coloured red",3,1,0,"(0.0, 0.1, 0.02)","(0.3, 0.23, 0.02)","(-0.3, 0.5, 0.02)","(1.0, -2.9, 0.02)",0.33,"*** Observation *** 
Here is the initial position of each block and the end effector: 
Red Cube: (0.0, 0.1)
Green Cube: (0.15, 0.1)
Blue Cube: (0.3, 0.23)
Yellow Cube: (-0.3, 0.5)
End Effector: (0, 0.25)
Note - the arm itself is at 0,0. Assume that the x-axis determines left and right and the y-axis top and bottom."
461,"(-0.3, 0.23, 0.02)","(0.15, 0.1, 0.02)","(0.3, 0.37, 0.02)","(-0.3, 0.5, 0.02)",Take the block that is lowest and place it at [0.         0.23333333],1,0,,"(-0.3, 0.23, 0.02)","(0.0, 0.23, 0.02)","(0.3, 0.37, 0.02)","(-0.3, 0.5, 0.02)",0.27,"*** Observation *** 
Here is the initial position of each block and the end effector: 
Red Cube: (-0.3, 0.23)
Green Cube: (-0.3, 0.5)
Blue Cube: (0.15, 0.1)
Yellow Cube: (0.3, 0.37)
End Effector: (0, 0.25)
Note - the arm itself is at 0,0. Assume that the x-axis determines left and right and the y-axis top and bottom."
462,"(0.0, 0.23, 0.02)","(0.0, 0.5, 0.02)","(-0.15, 0.23, 0.02)","(0.3, 0.37, 0.02)",Take the block that is coloured green and place it -3 horizontally and -1 vertically relative to the block that is leftmost,3,1,2,"(0.0, 0.23, 0.02)","(0.0, 0.5, 0.02)","(-0.15, 0.23, 0.02)","(-3.15, -0.77, 0.02)",0.15,"*** Observation *** 
Here is the initial position of each block and the end effector: 
Red Cube: (0.0, 0.23)
Green Cube: (0.3, 0.37)
Blue Cube: (0.0, 0.5)
Yellow Cube: (-0.15, 0.23)
End Effector: (0, 0.25)
Note - the arm itself is at 0,0. Assume that the x-axis determines left and right and the y-axis top and bottom."
463,"(-0.3, 0.5, 0.02)","(-0.15, 0.23, 0.02)","(0.15, 0.37, 0.02)","(0.0, 0.1, 0.02)",Take the block that is coloured blue and place it at [-0.3         0.36666667],1,0,,"(-0.3, 0.5, 0.02)","(-0.3, 0.37, 0.02)","(0.15, 0.37, 0.02)","(0.0, 0.1, 0.02)",0.13,"*** Observation *** 
Here is the initial position of each block and the end effector: 
Red Cube: (-0.3, 0.5)
Green Cube: (0.0, 0.1)
Blue Cube: (-0.15, 0.23)
Yellow Cube: (0.15, 0.37)
End Effector: (0, 0.25)
Note - the arm itself is at 0,0. Assume that the x-axis determines left and right and the y-axis top and bottom."
464,"(0.0, 0.23, 0.02)","(0.3, 0.1, 0.02)","(0.3, 0.23, 0.02)","(0.3, 0.5, 0.02)",Take the block that is leftmost and place it -3 horizontally and -4 vertically relative to the block that is coloured blue,0,1,1,"(-2.7, -3.9, 0.02)","(0.3, 0.1, 0.02)","(0.3, 0.23, 0.02)","(0.3, 0.5, 0.02)",0.13,"*** Observation *** 
Here is the initial position of each block and the end effector: 
Red Cube: (0.0, 0.23)
Green Cube: (0.3, 0.5)
Blue Cube: (0.3, 0.1)
Yellow Cube: (0.3, 0.23)
End Effector: (0, 0.25)
Note - the arm itself is at 0,0. Assume that the x-axis determines left and right and the y-axis top and bottom."
465,"(0.15, 0.1, 0.02)","(0.0, 0.23, 0.02)","(-0.3, 0.5, 0.02)","(0.15, 0.5, 0.02)",Take the block that is coloured yellow and place it at [-0.15        0.23333333],2,0,,"(0.15, 0.1, 0.02)","(0.0, 0.23, 0.02)","(-0.15, 0.23, 0.02)","(0.15, 0.5, 0.02)",0.15,"*** Observation *** 
Here is the initial position of each block and the end effector: 
Red Cube: (0.15, 0.1)
Green Cube: (0.15, 0.5)
Blue Cube: (0.0, 0.23)
Yellow Cube: (-0.3, 0.5)
End Effector: (0, 0.25)
Note - the arm itself is at 0,0. Assume that the x-axis determines left and right and the y-axis top and bottom."
466,"(0.3, 0.1, 0.02)","(0.0, 0.23, 0.02)","(-0.3, 0.5, 0.02)","(-0.3, 0.1, 0.02)",Take the block that is coloured yellow and place it between the blocks that are coloured blue and coloured green,2,2,[1 3],"(0.3, 0.1, 0.02)","(0.0, 0.23, 0.02)","(0.15, 0.5, 0.02)","(-0.3, 0.1, 0.02)",0.31,"*** Observation *** 
Here is the initial position of each block and the end effector: 
Red Cube: (0.3, 0.1)
Green Cube: (-0.3, 0.1)
Blue Cube: (0.0, 0.23)
Yellow Cube: (-0.3, 0.5)
End Effector: (0, 0.25)
Note - the arm itself is at 0,0. Assume that the x-axis determines left and right and the y-axis top and bottom."
467,"(0.0, 0.37, 0.02)","(-0.15, 0.5, 0.02)","(0.3, 0.5, 0.02)","(-0.15, 0.1, 0.02)",Take the block that is coloured red and place it at [0.  0.5],0,0,,"(0.0, 0.5, 0.02)","(-0.15, 0.5, 0.02)","(0.3, 0.5, 0.02)","(-0.15, 0.1, 0.02)",0.15,"*** Observation *** 
Here is the initial position of each block and the end effector: 
Red Cube: (0.0, 0.37)
Green Cube: (-0.15, 0.1)
Blue Cube: (-0.15, 0.5)
Yellow Cube: (0.3, 0.5)
End Effector: (0, 0.25)
Note - the arm itself is at 0,0. Assume that the x-axis determines left and right and the y-axis top and bottom."
468,"(0.3, 0.37, 0.02)","(0.15, 0.23, 0.02)","(0.0, 0.5, 0.02)","(0.0, 0.23, 0.02)","Take the block that is coloured lemon and place it between the blocks that are coloured red and (0.14999999999999997, 0.0) from the green block",2,2,[0 1],"(0.3, 0.37, 0.02)","(0.15, 0.23, 0.02)","(-0.15, 0.37, 0.02)","(0.0, 0.23, 0.02)",0.15,"*** Observation *** 
Here is the initial position of each block and the end effector: 
Red Cube: (0.3, 0.37)
Green Cube: (0.0, 0.23)
Blue Cube: (0.15, 0.23)
Yellow Cube: (0.0, 0.5)
End Effector: (0, 0.25)
Note - the arm itself is at 0,0. Assume that the x-axis determines left and right and the y-axis top and bottom."
469,"(-0.3, 0.37, 0.02)","(-0.15, 0.37, 0.02)","(-0.3, 0.1, 0.02)","(0.0, 0.23, 0.02)",Take the block that is coloured butter-colored and place it at [0.  0.1],2,0,,"(-0.3, 0.37, 0.02)","(-0.15, 0.37, 0.02)","(0.0, 0.1, 0.02)","(0.0, 0.23, 0.02)",0.13,"*** Observation *** 
Here is the initial position of each block and the end effector: 
Red Cube: (-0.3, 0.37)
Green Cube: (0.0, 0.23)
Blue Cube: (-0.15, 0.37)
Yellow Cube: (-0.3, 0.1)
End Effector: (0, 0.25)
Note - the arm itself is at 0,0. Assume that the x-axis determines left and right and the y-axis top and bottom."
470,"(0.15, 0.23, 0.02)","(-0.3, 0.37, 0.02)","(0.0, 0.23, 0.02)","(0.3, 0.23, 0.02)",Take the block that is coloured blue and place it -3 horizontally and 1 vertically relative to the block that is rightmost,1,1,3,"(0.15, 0.23, 0.02)","(-2.7, 1.23, 0.02)","(0.0, 0.23, 0.02)","(0.3, 0.23, 0.02)",0.15,"*** Observation *** 
Here is the initial position of each block and the end effector: 
Red Cube: (0.15, 0.23)
Green Cube: (0.3, 0.23)
Blue Cube: (-0.3, 0.37)
Yellow Cube: (0.0, 0.23)
End Effector: (0, 0.25)
Note - the arm itself is at 0,0. Assume that the x-axis determines left and right and the y-axis top and bottom."
471,"(0.0, 0.37, 0.02)","(0.3, 0.37, 0.02)","(0.15, 0.23, 0.02)","(0.0, 0.5, 0.02)",Take the block that is coloured sunflower-hued and place it at [-0.15        0.36666667],2,0,,"(0.0, 0.37, 0.02)","(0.3, 0.37, 0.02)","(-0.15, 0.37, 0.02)","(0.0, 0.5, 0.02)",0.13,"*** Observation *** 
Here is the initial position of each block and the end effector: 
Red Cube: (0.0, 0.37)
Green Cube: (0.0, 0.5)
Blue Cube: (0.3, 0.37)
Yellow Cube: (0.15, 0.23)
End Effector: (0, 0.25)
Note - the arm itself is at 0,0. Assume that the x-axis determines left and right and the y-axis top and bottom."
472,"(-0.3, 0.37, 0.02)","(-0.3, 0.1, 0.02)","(-0.15, 0.23, 0.02)","(-0.3, 0.23, 0.02)",Take the block that is highest and place it at [0.         0.23333333],0,0,,"(0.0, 0.23, 0.02)","(-0.3, 0.1, 0.02)","(-0.15, 0.23, 0.02)","(-0.3, 0.23, 0.02)",0.13,"*** Observation *** 
Here is the initial position of each block and the end effector: 
Red Cube: (-0.3, 0.37)
Green Cube: (-0.3, 0.23)
Blue Cube: (-0.3, 0.1)
Yellow Cube: (-0.15, 0.23)
End Effector: (0, 0.25)
Note - the arm itself is at 0,0. Assume that the x-axis determines left and right and the y-axis top and bottom."
473,"(0.15, 0.23, 0.02)","(0.3, 0.37, 0.02)","(-0.15, 0.37, 0.02)","(0.3, 0.5, 0.02)","Take the block that is (0.44999999999999996, 0.0) from the yellow block and place it between the blocks that are coloured associated with brightness and coloured red",1,2,[2 0],"(0.15, 0.23, 0.02)","(0.15, 0.1, 0.02)","(-0.15, 0.37, 0.02)","(0.3, 0.5, 0.02)",0.13,"*** Observation *** 
Here is the initial position of each block and the end effector: 
Red Cube: (0.15, 0.23)
Green Cube: (0.3, 0.5)
Blue Cube: (0.3, 0.37)
Yellow Cube: (-0.15, 0.37)
End Effector: (0, 0.25)
Note - the arm itself is at 0,0. Assume that the x-axis determines left and right and the y-axis top and bottom."
474,"(-0.3, 0.37, 0.02)","(-0.3, 0.23, 0.02)","(0.0, 0.5, 0.02)","(0.3, 0.1, 0.02)",Take the block that is highest and place it 2 horizontally and 2 vertically relative to the block that is coloured blue,2,1,1,"(-0.3, 0.37, 0.02)","(-0.3, 0.23, 0.02)","(1.7, 2.23, 0.02)","(0.3, 0.1, 0.02)",0.14,"*** Observation *** 
Here is the initial position of each block and the end effector: 
Red Cube: (-0.3, 0.37)
Green Cube: (0.3, 0.1)
Blue Cube: (-0.3, 0.23)
Yellow Cube: (0.0, 0.5)
End Effector: (0, 0.25)
Note - the arm itself is at 0,0. Assume that the x-axis determines left and right and the y-axis top and bottom."
475,"(0.3, 0.37, 0.02)","(0.0, 0.37, 0.02)","(-0.3, 0.5, 0.02)","(-0.15, 0.23, 0.02)",Take the block that is coloured blue and place it -2 horizontally and 2 vertically relative to the block that is rightmost,1,1,0,"(0.3, 0.37, 0.02)","(-1.7, 2.37, 0.02)","(-0.3, 0.5, 0.02)","(-0.15, 0.23, 0.02)",0.31,"*** Observation *** 
Here is the initial position of each block and the end effector: 
Red Cube: (0.3, 0.37)
Green Cube: (-0.15, 0.23)
Blue Cube: (0.0, 0.37)
Yellow Cube: (-0.3, 0.5)
End Effector: (0, 0.25)
Note - the arm itself is at 0,0. Assume that the x-axis determines left and right and the y-axis top and bottom."
476,"(0.15, 0.5, 0.02)","(-0.3, 0.37, 0.02)","(0.3, 0.23, 0.02)","(-0.3, 0.5, 0.02)",Take the block that is coloured the colour of the US democratic party and place it between the blocks that are coloured love-colored and coloured green,1,2,[0 3],"(0.15, 0.5, 0.02)","(-0.08, 0.5, 0.02)","(0.3, 0.23, 0.02)","(-0.3, 0.5, 0.02)",0.22,"*** Observation *** 
Here is the initial position of each block and the end effector: 
Red Cube: (0.15, 0.5)
Green Cube: (-0.3, 0.5)
Blue Cube: (-0.3, 0.37)
Yellow Cube: (0.3, 0.23)
End Effector: (0, 0.25)
Note - the arm itself is at 0,0. Assume that the x-axis determines left and right and the y-axis top and bottom."
477,"(0.3, 0.37, 0.02)","(-0.15, 0.5, 0.02)","(0.0, 0.23, 0.02)","(0.3, 0.5, 0.02)",Take the block that is coloured red and place it at [0.3        0.23333333],0,0,,"(0.3, 0.23, 0.02)","(-0.15, 0.5, 0.02)","(0.0, 0.23, 0.02)","(0.3, 0.5, 0.02)",0.27,"*** Observation *** 
Here is the initial position of each block and the end effector: 
Red Cube: (0.3, 0.37)
Green Cube: (0.3, 0.5)
Blue Cube: (-0.15, 0.5)
Yellow Cube: (0.0, 0.23)
End Effector: (0, 0.25)
Note - the arm itself is at 0,0. Assume that the x-axis determines left and right and the y-axis top and bottom."
478,"(0.3, 0.23, 0.02)","(0.15, 0.37, 0.02)","(0.15, 0.23, 0.02)","(-0.15, 0.23, 0.02)",Take the block that is coloured lime and place it at [0.  0.5],3,0,,"(0.3, 0.23, 0.02)","(0.15, 0.37, 0.02)","(0.15, 0.23, 0.02)","(0.0, 0.5, 0.02)",0.14,"*** Observation *** 
Here is the initial position of each block and the end effector: 
Red Cube: (0.3, 0.23)
Green Cube: (-0.15, 0.23)
Blue Cube: (0.15, 0.37)
Yellow Cube: (0.15, 0.23)
End Effector: (0, 0.25)
Note - the arm itself is at 0,0. Assume that the x-axis determines left and right and the y-axis top and bottom."
479,"(0.15, 0.1, 0.02)","(-0.3, 0.5, 0.02)","(-0.15, 0.23, 0.02)","(0.0, 0.5, 0.02)",Take the block that is coloured the nature-colored ball and place it -2 horizontally and 3 vertically relative to the block that is rightmost,3,1,0,"(0.15, 0.1, 0.02)","(-0.3, 0.5, 0.02)","(-0.15, 0.23, 0.02)","(-1.85, 3.1, 0.02)",0.31,"*** Observation *** 
Here is the initial position of each block and the end effector: 
Red Cube: (0.15, 0.1)
Green Cube: (0.0, 0.5)
Blue Cube: (-0.3, 0.5)
Yellow Cube: (-0.15, 0.23)
End Effector: (0, 0.25)
Note - the arm itself is at 0,0. Assume that the x-axis determines left and right and the y-axis top and bottom."
480,"(0.15, 0.23, 0.02)","(-0.15, 0.1, 0.02)","(0.0, 0.37, 0.02)","(0.3, 0.37, 0.02)",Take the block that is coloured lime and place it between the blocks that are coloured yellow and coloured crimson,3,2,[2 0],"(0.15, 0.23, 0.02)","(-0.15, 0.1, 0.02)","(0.0, 0.37, 0.02)","(-0.15, 0.23, 0.02)",0.13,"*** Observation *** 
Here is the initial position of each block and the end effector: 
Red Cube: (0.15, 0.23)
Green Cube: (0.3, 0.37)
Blue Cube: (-0.15, 0.1)
Yellow Cube: (0.0, 0.37)
End Effector: (0, 0.25)
Note - the arm itself is at 0,0. Assume that the x-axis determines left and right and the y-axis top and bottom."
481,"(0.15, 0.5, 0.02)","(0.15, 0.23, 0.02)","(0.3, 0.37, 0.02)","(-0.15, 0.37, 0.02)",Take the block that is highest and place it at [-0.3  0.5],0,0,,"(-0.3, 0.5, 0.02)","(0.15, 0.23, 0.02)","(0.3, 0.37, 0.02)","(-0.15, 0.37, 0.02)",0.2,"*** Observation *** 
Here is the initial position of each block and the end effector: 
Red Cube: (0.15, 0.5)
Green Cube: (-0.15, 0.37)
Blue Cube: (0.15, 0.23)
Yellow Cube: (0.3, 0.37)
End Effector: (0, 0.25)
Note - the arm itself is at 0,0. Assume that the x-axis determines left and right and the y-axis top and bottom."
482,"(0.3, 0.5, 0.02)","(0.0, 0.5, 0.02)","(0.3, 0.37, 0.02)","(-0.15, 0.37, 0.02)",Take the block that is coloured blue and place it between the blocks that are coloured gold and coloured green,1,2,[2 3],"(0.3, 0.5, 0.02)","(0.08, 0.37, 0.02)","(0.3, 0.37, 0.02)","(-0.15, 0.37, 0.02)",0.13,"*** Observation *** 
Here is the initial position of each block and the end effector: 
Red Cube: (0.3, 0.5)
Green Cube: (-0.15, 0.37)
Blue Cube: (0.0, 0.5)
Yellow Cube: (0.3, 0.37)
End Effector: (0, 0.25)
Note - the arm itself is at 0,0. Assume that the x-axis determines left and right and the y-axis top and bottom."
483,"(-0.3, 0.37, 0.02)","(0.0, 0.23, 0.02)","(0.15, 0.5, 0.02)","(-0.3, 0.5, 0.02)",Take the block that is coloured blue and place it at [0.3 0.5],1,0,,"(-0.3, 0.37, 0.02)","(0.3, 0.5, 0.02)","(0.15, 0.5, 0.02)","(-0.3, 0.5, 0.02)",0.13,"*** Observation *** 
Here is the initial position of each block and the end effector: 
Red Cube: (-0.3, 0.37)
Green Cube: (-0.3, 0.5)
Blue Cube: (0.0, 0.23)
Yellow Cube: (0.15, 0.5)
End Effector: (0, 0.25)
Note - the arm itself is at 0,0. Assume that the x-axis determines left and right and the y-axis top and bottom."
484,"(0.3, 0.1, 0.02)","(0.15, 0.23, 0.02)","(-0.15, 0.23, 0.02)","(-0.15, 0.37, 0.02)",Take the block that is coloured crimson and place it 2 horizontally and -4 vertically relative to the block that is coloured the sad one,0,1,1,"(2.15, -3.77, 0.02)","(0.15, 0.23, 0.02)","(-0.15, 0.23, 0.02)","(-0.15, 0.37, 0.02)",0.14,"*** Observation *** 
Here is the initial position of each block and the end effector: 
Red Cube: (0.3, 0.1)
Green Cube: (-0.15, 0.37)
Blue Cube: (0.15, 0.23)
Yellow Cube: (-0.15, 0.23)
End Effector: (0, 0.25)
Note - the arm itself is at 0,0. Assume that the x-axis determines left and right and the y-axis top and bottom."
485,"(0.3, 0.37, 0.02)","(0.3, 0.1, 0.02)","(-0.3, 0.23, 0.02)","(-0.3, 0.1, 0.02)",Take the block that is coloured the royal one and place it at [0.         0.36666667],1,0,,"(0.3, 0.37, 0.02)","(0.0, 0.37, 0.02)","(-0.3, 0.23, 0.02)","(-0.3, 0.1, 0.02)",0.13,"*** Observation *** 
Here is the initial position of each block and the end effector: 
Red Cube: (0.3, 0.37)
Green Cube: (-0.3, 0.1)
Blue Cube: (0.3, 0.1)
Yellow Cube: (-0.3, 0.23)
End Effector: (0, 0.25)
Note - the arm itself is at 0,0. Assume that the x-axis determines left and right and the y-axis top and bottom."
486,"(-0.15, 0.23, 0.02)","(0.15, 0.23, 0.02)","(-0.3, 0.5, 0.02)","(0.0, 0.23, 0.02)","Take the block that is (-0.15, 0.0) from the green block and place it 3 horizontally and 2 vertically relative to the block that is rightmost",0,1,1,"(3.15, 2.23, 0.02)","(0.15, 0.23, 0.02)","(-0.3, 0.5, 0.02)","(0.0, 0.23, 0.02)",0.15,"*** Observation *** 
Here is the initial position of each block and the end effector: 
Red Cube: (-0.15, 0.23)
Green Cube: (0.0, 0.23)
Blue Cube: (0.15, 0.23)
Yellow Cube: (-0.3, 0.5)
End Effector: (0, 0.25)
Note - the arm itself is at 0,0. Assume that the x-axis determines left and right and the y-axis top and bottom."
487,"(0.15, 0.23, 0.02)","(0.3, 0.23, 0.02)","(0.15, 0.37, 0.02)","(0.15, 0.1, 0.02)",Take the block that is coloured blood-colored and place it between the blocks that are coloured frog-colored and coloured yellow,0,2,[3 2],"(0.3, 0.37, 0.02)","(0.3, 0.23, 0.02)","(0.15, 0.37, 0.02)","(0.15, 0.1, 0.02)",0.14,"*** Observation *** 
Here is the initial position of each block and the end effector: 
Red Cube: (0.15, 0.23)
Green Cube: (0.15, 0.1)
Blue Cube: (0.3, 0.23)
Yellow Cube: (0.15, 0.37)
End Effector: (0, 0.25)
Note - the arm itself is at 0,0. Assume that the x-axis determines left and right and the y-axis top and bottom."
488,"(-0.15, 0.23, 0.02)","(0.3, 0.37, 0.02)","(-0.3, 0.23, 0.02)","(0.0, 0.1, 0.02)",Take the block that is coloured yellow and place it between the blocks that are coloured the colour of envy and coloured navy,2,2,[3 1],"(-0.15, 0.23, 0.02)","(0.3, 0.37, 0.02)","(0.15, 0.23, 0.02)","(0.0, 0.1, 0.02)",0.2,"*** Observation *** 
Here is the initial position of each block and the end effector: 
Red Cube: (-0.15, 0.23)
Green Cube: (0.0, 0.1)
Blue Cube: (0.3, 0.37)
Yellow Cube: (-0.3, 0.23)
End Effector: (0, 0.25)
Note - the arm itself is at 0,0. Assume that the x-axis determines left and right and the y-axis top and bottom."
489,"(-0.3, 0.1, 0.02)","(0.3, 0.23, 0.02)","(0.3, 0.37, 0.02)","(-0.15, 0.5, 0.02)","Take the block that is coloured red and place it between the blocks that are coloured green and (0.0, 0.13333333333333336) from the blue block",0,2,[3 2],"(0.08, 0.43, 0.02)","(0.3, 0.23, 0.02)","(0.3, 0.37, 0.02)","(-0.15, 0.5, 0.02)",0.14,"*** Observation *** 
Here is the initial position of each block and the end effector: 
Red Cube: (-0.3, 0.1)
Green Cube: (-0.15, 0.5)
Blue Cube: (0.3, 0.23)
Yellow Cube: (0.3, 0.37)
End Effector: (0, 0.25)
Note - the arm itself is at 0,0. Assume that the x-axis determines left and right and the y-axis top and bottom."
490,"(0.0, 0.5, 0.02)","(0.3, 0.1, 0.02)","(0.0, 0.37, 0.02)","(0.0, 0.23, 0.02)",Take the block that is highest and place it -2 horizontally and 1 vertically relative to the block that is coloured green,0,1,3,"(-2.0, 1.23, 0.02)","(0.3, 0.1, 0.02)","(0.0, 0.37, 0.02)","(0.0, 0.23, 0.02)",0.14,"*** Observation *** 
Here is the initial position of each block and the end effector: 
Red Cube: (0.0, 0.5)
Green Cube: (0.0, 0.23)
Blue Cube: (0.3, 0.1)
Yellow Cube: (0.0, 0.37)
End Effector: (0, 0.25)
Note - the arm itself is at 0,0. Assume that the x-axis determines left and right and the y-axis top and bottom."
491,"(0.0, 0.5, 0.02)","(0.3, 0.23, 0.02)","(0.0, 0.37, 0.02)","(0.0, 0.23, 0.02)",Take the block that is coloured screams danger and place it at [0.15 0.1 ],0,0,,"(0.15, 0.1, 0.02)","(0.3, 0.23, 0.02)","(0.0, 0.37, 0.02)","(0.0, 0.23, 0.02)",0.14,"*** Observation *** 
Here is the initial position of each block and the end effector: 
Red Cube: (0.0, 0.5)
Green Cube: (0.0, 0.23)
Blue Cube: (0.3, 0.23)
Yellow Cube: (0.0, 0.37)
End Effector: (0, 0.25)
Note - the arm itself is at 0,0. Assume that the x-axis determines left and right and the y-axis top and bottom."
492,"(-0.3, 0.37, 0.02)","(-0.15, 0.5, 0.02)","(0.3, 0.5, 0.02)","(0.3, 0.23, 0.02)",Take the block that is coloured blue and place it at [0.3 0.1],1,0,,"(-0.3, 0.37, 0.02)","(0.3, 0.1, 0.02)","(0.3, 0.5, 0.02)","(0.3, 0.23, 0.02)",0.13,"*** Observation *** 
Here is the initial position of each block and the end effector: 
Red Cube: (-0.3, 0.37)
Green Cube: (0.3, 0.23)
Blue Cube: (-0.15, 0.5)
Yellow Cube: (0.3, 0.5)
End Effector: (0, 0.25)
Note - the arm itself is at 0,0. Assume that the x-axis determines left and right and the y-axis top and bottom."
493,"(-0.15, 0.1, 0.02)","(0.15, 0.23, 0.02)","(0.0, 0.37, 0.02)","(0.0, 0.5, 0.02)",Take the block that is coloured ocean ball and place it between the blocks that are coloured green and coloured like a cowards belly,1,2,[3 2],"(-0.15, 0.1, 0.02)","(0.0, 0.23, 0.02)","(0.0, 0.37, 0.02)","(0.0, 0.5, 0.02)",0.13,"*** Observation *** 
Here is the initial position of each block and the end effector: 
Red Cube: (-0.15, 0.1)
Green Cube: (0.0, 0.5)
Blue Cube: (0.15, 0.23)
Yellow Cube: (0.0, 0.37)
End Effector: (0, 0.25)
Note - the arm itself is at 0,0. Assume that the x-axis determines left and right and the y-axis top and bottom."
494,"(0.3, 0.37, 0.02)","(-0.3, 0.1, 0.02)","(-0.3, 0.23, 0.02)","(0.0, 0.1, 0.02)",Take the block that is coloured green and place it at [0.3        0.23333333],3,0,,"(0.3, 0.37, 0.02)","(-0.3, 0.1, 0.02)","(-0.3, 0.23, 0.02)","(0.3, 0.23, 0.02)",0.13,"*** Observation *** 
Here is the initial position of each block and the end effector: 
Red Cube: (0.3, 0.37)
Green Cube: (0.0, 0.1)
Blue Cube: (-0.3, 0.1)
Yellow Cube: (-0.3, 0.23)
End Effector: (0, 0.25)
Note - the arm itself is at 0,0. Assume that the x-axis determines left and right and the y-axis top and bottom."
495,"(0.15, 0.1, 0.02)","(0.15, 0.37, 0.02)","(-0.15, 0.37, 0.02)","(0.3, 0.5, 0.02)",Take the block that is coloured red and place it at [0.3        0.23333333],0,0,,"(0.3, 0.23, 0.02)","(0.15, 0.37, 0.02)","(-0.15, 0.37, 0.02)","(0.3, 0.5, 0.02)",0.2,"*** Observation *** 
Here is the initial position of each block and the end effector: 
Red Cube: (0.15, 0.1)
Green Cube: (0.3, 0.5)
Blue Cube: (0.15, 0.37)
Yellow Cube: (-0.15, 0.37)
End Effector: (0, 0.25)
Note - the arm itself is at 0,0. Assume that the x-axis determines left and right and the y-axis top and bottom."
496,"(0.0, 0.37, 0.02)","(0.3, 0.1, 0.02)","(-0.15, 0.37, 0.02)","(-0.15, 0.5, 0.02)",Take the block that is coloured red and place it 1 horizontally and -2 vertically relative to the block that is coloured yellow,0,1,2,"(0.85, -1.63, 0.02)","(0.3, 0.1, 0.02)","(-0.15, 0.37, 0.02)","(-0.15, 0.5, 0.02)",0.13,"*** Observation *** 
Here is the initial position of each block and the end effector: 
Red Cube: (0.0, 0.37)
Green Cube: (-0.15, 0.5)
Blue Cube: (0.3, 0.1)
Yellow Cube: (-0.15, 0.37)
End Effector: (0, 0.25)
Note - the arm itself is at 0,0. Assume that the x-axis determines left and right and the y-axis top and bottom."
497,"(-0.3, 0.5, 0.02)","(-0.15, 0.5, 0.02)","(-0.3, 0.1, 0.02)","(-0.15, 0.37, 0.02)",Take the block that is coloured cobalt and place it 2 horizontally and -1 vertically relative to the block that is lowest,1,1,2,"(-0.3, 0.5, 0.02)","(1.7, -0.9, 0.02)","(-0.3, 0.1, 0.02)","(-0.15, 0.37, 0.02)",0.2,"*** Observation *** 
Here is the initial position of each block and the end effector: 
Red Cube: (-0.3, 0.5)
Green Cube: (-0.15, 0.37)
Blue Cube: (-0.15, 0.5)
Yellow Cube: (-0.3, 0.1)
End Effector: (0, 0.25)
Note - the arm itself is at 0,0. Assume that the x-axis determines left and right and the y-axis top and bottom."
498,"(0.15, 0.23, 0.02)","(-0.15, 0.5, 0.02)","(0.0, 0.1, 0.02)","(0.15, 0.37, 0.02)",Take the block that is lowest and place it at [0.  0.5],2,0,,"(0.15, 0.23, 0.02)","(-0.15, 0.5, 0.02)","(0.0, 0.5, 0.02)","(0.15, 0.37, 0.02)",0.14,"*** Observation *** 
Here is the initial position of each block and the end effector: 
Red Cube: (0.15, 0.23)
Green Cube: (0.15, 0.37)
Blue Cube: (-0.15, 0.5)
Yellow Cube: (0.0, 0.1)
End Effector: (0, 0.25)
Note - the arm itself is at 0,0. Assume that the x-axis determines left and right and the y-axis top and bottom."
499,"(0.0, 0.37, 0.02)","(0.15, 0.23, 0.02)","(-0.15, 0.5, 0.02)","(-0.3, 0.23, 0.02)",Take the block that is coloured jade and place it at [-0.3         0.36666667],3,0,,"(0.0, 0.37, 0.02)","(0.15, 0.23, 0.02)","(-0.15, 0.5, 0.02)","(-0.3, 0.37, 0.02)",0.2,"*** Observation *** 
Here is the initial position of each block and the end effector: 
Red Cube: (0.0, 0.37)
Green Cube: (-0.3, 0.23)
Blue Cube: (0.15, 0.23)
Yellow Cube: (-0.15, 0.5)
End Effector: (0, 0.25)
Note - the arm itself is at 0,0. Assume that the x-axis determines left and right and the y-axis top and bottom."
